âwñº,URL(ëSëÃ),1Ç¬ñ⁄(tokyoÇ»Ç«),ÇQÇ¬ñ⁄(A1327Ç»Ç«),3Ç¬ñ⁄(A132701Ç»Ç«),4Ç¬ñ⁄(R55Ç»Ç«),5Ç¬ñ⁄(rstLstÇ»Ç«),vs,sa,sk,lid,vac_net,svd,svt,svps,hfc,Cat,LstCat,LstCatD,cat_sk"
ëäå¥",https://tabelog.com/tokyo/A1327/A132701/R55/rstLst/?vs=1&sa=%E7%9B%B8%E5%8E%9F&sk=%25E5%25B1%2585%25E9%2585%2592%25E5%25B1%258B&lid=top_navi1&vac_net=&svd=20220403&svt=1900&svps=2&hfc=1&Cat=RC&LstCat=RC21&LstCatD=RC2101&cat_sk=%E5%B1%85%E9%85%92%E5%B1%8B,tokyo,A1327,A132701,R55,rstLst,1,%E7%9B%B8%E5%8E%9F,%25E5%25B1%2585%25E9%2585%2592%25E5%25B1%258B,top_navi1,=,20220403,1900,2,1,RC,RC21,RC2101,%E5%B1%85%E9%85%92%E5%B1%8B
"
ê¬à‰",https://tabelog.com/tokyo/A1324/A132404/R10956/rstLst/?vs=1&sa=%E9%9D%92%E4%BA%95&sk=%25E5%25B1%2585%25E9%2585%2592%25E5%25B1%258B&lid=top_navi1&vac_net=&svd=20220403&svt=1900&svps=2&hfc=1&Cat=RC&LstCat=RC21&LstCatD=RC2101&cat_sk=%E5%B1%85%E9%85%92%E5%B1%8B,tokyo,A1324,A132404,R10956,rstLst,1,%E9%9D%92%E4%BA%95,%25E5%25B1%2585%25E9%2585%2592%25E5%25B1%258B,top_navi1,=,20220403,1900,2,1,RC,RC21,RC2101,%E5%B1%85%E9%85%92%E5%B1%8B
"
ê¬ìu",https://tabelog.com/tokyo/A1324/A132403/R71/rstLst/?vs=1&sa=%E9%9D%92%E7%A0%A5&sk=%25E5%25B1%2585%25E9%2585%2592%25E5%25B1%258B&lid=top_navi1&vac_net=&svd=20220403&svt=1900&svps=2&hfc=1&Cat=RC&LstCat=RC21&LstCatD=RC2101&cat_sk=%E5%B1%85%E9%85%92%E5%B1%8B,tokyo,A1324,A132403,R71,rstLst,1,%E9%9D%92%E7%A0%A5,%25E5%25B1%2585%25E9%2585%2592%25E5%25B1%258B,top_navi1,=,20220403,1900,2,1,RC,RC21,RC2101,%E5%B1%85%E9%85%92%E5%B1%8B
"
ê¬äC",https://tabelog.com/tokyo/A1313/A131306/R83/rstLst/?vs=1&sa=%E9%9D%92%E6%B5%B7&sk=%25E5%25B1%2585%25E9%2585%2592%25E5%25B1%258B&lid=top_navi1&vac_net=&svd=20220403&svt=1900&svps=2&hfc=1&Cat=RC&LstCat=RC21&LstCatD=RC2101&cat_sk=%E5%B1%85%E9%85%92%E5%B1%8B,tokyo,A1313,A131306,R83,rstLst,1,%E9%9D%92%E6%B5%B7,%25E5%25B1%2585%25E9%2585%2592%25E5%25B1%258B,top_navi1,=,20220403,1900,2,1,RC,RC21,RC2101,%E5%B1%85%E9%85%92%E5%B1%8B
"
ê¬ï®â°íö",https://tabelog.com/tokyo/A1315/A131501/R84/rstLst/?vs=1&sa=%E9%9D%92%E7%89%A9%E6%A8%AA%E4%B8%81&sk=%25E5%25B1%2585%25E9%2585%2592%25E5%25B1%258B&lid=top_navi1&vac_net=&svd=20220403&svt=1900&svps=2&hfc=1&Cat=RC&LstCat=RC21&LstCatD=RC2101&cat_sk=%E5%B1%85%E9%85%92%E5%B1%8B,tokyo,A1315,A131501,R84,rstLst,1,%E9%9D%92%E7%89%A9%E6%A8%AA%E4%B8%81,%25E5%25B1%2585%25E9%2585%2592%25E5%25B1%258B,top_navi1,=,20220403,1900,2,1,RC,RC21,RC2101,%E5%B1%85%E9%85%92%E5%B1%8B
"
ê¬éRàÍíöñ⁄",https://tabelog.com/tokyo/A1306/A130603/R93/rstLst/?vs=1&sa=%E9%9D%92%E5%B1%B1%E4%B8%80%E4%B8%81%E7%9B%AE&sk=%25E5%25B1%2585%25E9%2585%2592%25E5%25B1%258B&lid=top_navi1&vac_net=&svd=20220403&svt=1900&svps=2&hfc=1&Cat=RC&LstCat=RC21&LstCatD=RC2101&cat_sk=%E5%B1%85%E9%85%92%E5%B1%8B,tokyo,A1306,A130603,R93,rstLst,1,%E9%9D%92%E5%B1%B1%E4%B8%80%E4%B8%81%E7%9B%AE,%25E5%25B1%2585%25E9%2585%2592%25E5%25B1%258B,top_navi1,=,20220403,1900,2,1,RC,RC21,RC2101,%E5%B1%85%E9%85%92%E5%B1%8B
"
ê‘ç‚",https://tabelog.com/tokyo/A1308/A130801/R113/rstLst/?vs=1&sa=%E8%B5%A4%E5%9D%82%E9%A7%85%EF%BC%88%E6%9D%B1%E4%BA%AC%E9%83%BD%EF%BC%89&sk=%25E5%25B1%2585%25E9%2585%2592%25E5%25B1%258B&lid=top_navi1&vac_net=&svd=20220403&svt=1900&svps=2&hfc=1&Cat=RC&LstCat=RC21&LstCatD=RC2101&cat_sk=%E5%B1%85%E9%85%92%E5%B1%8B,tokyo,A1308,A130801,R113,rstLst,1,%E8%B5%A4%E5%9D%82%E9%A7%85%EF%BC%88%E6%9D%B1%E4%BA%AC%E9%83%BD%EF%BC%89,%25E5%25B1%2585%25E9%2585%2592%25E5%25B1%258B,top_navi1,=,20220403,1900,2,1,RC,RC21,RC2101,%E5%B1%85%E9%85%92%E5%B1%8B
"
ê‘ç‚å©ïç",https://tabelog.com/tokyo/A1308/A130801/R117/rstLst/?vs=1&sa=%E8%B5%A4%E5%9D%82%E8%A6%8B%E9%99%84%E9%A7%85&sk=%25E5%25B1%2585%25E9%2585%2592%25E5%25B1%258B&lid=top_navi1&vac_net=&svd=20220403&svt=1900&svps=2&hfc=1&Cat=RC&LstCat=RC21&LstCatD=RC2101&cat_sk=%E5%B1%85%E9%85%92%E5%B1%8B,tokyo,A1308,A130801,R117,rstLst,1,%E8%B5%A4%E5%9D%82%E8%A6%8B%E9%99%84%E9%A7%85,%25E5%25B1%2585%25E9%2585%2592%25E5%25B1%258B,top_navi1,=,20220403,1900,2,1,RC,RC21,RC2101,%E5%B1%85%E9%85%92%E5%B1%8B
"
ê‘ìyè¨äwçZëO",https://tabelog.com/tokyo/A1324/A132401/R11091/rstLst/?vs=1&sa=%E8%B5%A4%E5%9C%9F%E5%B0%8F%E5%AD%A6%E6%A0%A1%E5%89%8D&sk=%25E5%25B1%2585%25E9%2585%2592%25E5%25B1%258B&lid=top_navi1&vac_net=&svd=20220403&svt=1900&svps=2&hfc=1&Cat=RC&LstCat=RC21&LstCatD=RC2101&cat_sk=%E5%B1%85%E9%85%92%E5%B1%8B,tokyo,A1324,A132401,R11091,rstLst,1,%E8%B5%A4%E5%9C%9F%E5%B0%8F%E5%AD%A6%E6%A0%A1%E5%89%8D,%25E5%25B1%2585%25E9%2585%2592%25E5%25B1%258B,top_navi1,=,20220403,1900,2,1,RC,RC21,RC2101,%E5%B1%85%E9%85%92%E5%B1%8B
"
ê‘ìyè¨äwçZëO",https://tabelog.com/tokyo/A1324/A132401/R11091/rstLst/?vs=1&sa=%E8%B5%A4%E5%9C%9F%E5%B0%8F%E5%AD%A6%E6%A0%A1%E5%89%8D&sk=%25E5%25B1%2585%25E9%2585%2592%25E5%25B1%258B&lid=top_navi1&vac_net=&svd=20220403&svt=1900&svps=2&hfc=1&Cat=RC&LstCat=RC21&LstCatD=RC2101&cat_sk=%E5%B1%85%E9%85%92%E5%B1%8B,tokyo,A1324,A132401,R11091,rstLst,1,%E8%B5%A4%E5%9C%9F%E5%B0%8F%E5%AD%A6%E6%A0%A1%E5%89%8D,%25E5%25B1%2585%25E9%2585%2592%25E5%25B1%258B,top_navi1,=,20220403,1900,2,1,RC,RC21,RC2101,%E5%B1%85%E9%85%92%E5%B1%8B
"
ê‘âH",https://tabelog.com/tokyo/A1323/A132305/R134/rstLst/?vs=1&sa=%E8%B5%A4%E7%BE%BD&sk=%25E5%25B1%2585%25E9%2585%2592%25E5%25B1%258B&lid=top_navi1&vac_net=&svd=20220403&svt=1900&svps=2&hfc=1&Cat=RC&LstCat=RC21&LstCatD=RC2101&cat_sk=%E5%B1%85%E9%85%92%E5%B1%8B,tokyo,A1323,A132305,R134,rstLst,1,%E8%B5%A4%E7%BE%BD,%25E5%25B1%2585%25E9%2585%2592%25E5%25B1%258B,top_navi1,=,20220403,1900,2,1,RC,RC21,RC2101,%E5%B1%85%E9%85%92%E5%B1%8B
"
ê‘âHä‚ï£",https://tabelog.com/tokyo/A1323/A132305/R138/rstLst/?vs=1&sa=%E8%B5%A4%E7%BE%BD%E5%B2%A9%E6%B7%B5%E9%A7%85&sk=%25E5%25B1%2585%25E9%2585%2592%25E5%25B1%258B&lid=top_navi1&vac_net=&svd=20220403&svt=1900&svps=2&hfc=1&Cat=RC&LstCat=RC21&LstCatD=RC2101&cat_sk=%E5%B1%85%E9%85%92%E5%B1%8B,tokyo,A1323,A132305,R138,rstLst,1,%E8%B5%A4%E7%BE%BD%E5%B2%A9%E6%B7%B5%E9%A7%85,%25E5%25B1%2585%25E9%2585%2592%25E5%25B1%258B,top_navi1,=,20220403,1900,2,1,RC,RC21,RC2101,%E5%B1%85%E9%85%92%E5%B1%8B
"
ê‘âHã¥",https://tabelog.com/tokyo/A1314/A131401/R140/rstLst/?vs=1&sa=%E8%B5%A4%E7%BE%BD%E6%A9%8B&sk=%25E5%25B1%2585%25E9%2585%2592%25E5%25B1%258B&lid=top_navi1&vac_net=&svd=20220403&svt=1900&svps=2&hfc=1&Cat=RC&LstCat=RC21&LstCatD=RC2101&cat_sk=%E5%B1%85%E9%85%92%E5%B1%8B,tokyo,A1314,A131401,R140,rstLst,1,%E8%B5%A4%E7%BE%BD%E6%A9%8B,%25E5%25B1%2585%25E9%2585%2592%25E5%25B1%258B,top_navi1,=,20220403,1900,2,1,RC,RC21,RC2101,%E5%B1%85%E9%85%92%E5%B1%8B
"
èHêÏ",https://tabelog.com/tokyo/A1330/A133001/R159/rstLst/?vs=1&sa=%E7%A7%8B%E5%B7%9D%E9%A7%85&sk=%25E5%25B1%2585%25E9%2585%2592%25E5%25B1%258B&lid=top_navi1&vac_net=&svd=20220403&svt=1900&svps=2&hfc=1&Cat=RC&LstCat=RC21&LstCatD=RC2101&cat_sk=%E5%B1%85%E9%85%92%E5%B1%8B,tokyo,A1330,A133001,R159,rstLst,1,%E7%A7%8B%E5%B7%9D%E9%A7%85,%25E5%25B1%2585%25E9%2585%2592%25E5%25B1%258B,top_navi1,=,20220403,1900,2,1,RC,RC21,RC2101,%E5%B1%85%E9%85%92%E5%B1%8B
"
êÛëê",https://tabelog.com/tokyo/A1311/A131102/R210/rstLst/?vs=1&sa=%E6%B5%85%E8%8D%89&sk=%25E5%25B1%2585%25E9%2585%2592%25E5%25B1%258B&lid=top_navi1&vac_net=&svd=20220403&svt=1900&svps=2&hfc=1&Cat=RC&LstCat=RC21&LstCatD=RC2101&cat_sk=%E5%B1%85%E9%85%92%E5%B1%8B,tokyo,A1311,A131102,R210,rstLst,1,%E6%B5%85%E8%8D%89,%25E5%25B1%2585%25E9%2585%2592%25E5%25B1%258B,top_navi1,=,20220403,1900,2,1,RC,RC21,RC2101,%E5%B1%85%E9%85%92%E5%B1%8B
"
êÛëêã¥",https://tabelog.com/tokyo/A1311/A131103/R213/rstLst/?vs=1&sa=%E6%B5%85%E8%8D%89%E6%A9%8B&sk=%25E5%25B1%2585%25E9%2585%2592%25E5%25B1%258B&lid=top_navi1&vac_net=&svd=20220403&svt=1900&svps=2&hfc=1&Cat=RC&LstCat=RC21&LstCatD=RC2101&cat_sk=%E5%B1%85%E9%85%92%E5%B1%8B,tokyo,A1311,A131103,R213,rstLst,1,%E6%B5%85%E8%8D%89%E6%A9%8B,%25E5%25B1%2585%25E9%2585%2592%25E5%25B1%258B,top_navi1,=,20220403,1900,2,1,RC,RC21,RC2101,%E5%B1%85%E9%85%92%E5%B1%8B
"
ñÉïzè\î‘",https://tabelog.com/tokyo/A1307/A130702/R251/rstLst/?vs=1&sa=%E9%BA%BB%E5%B8%83%E5%8D%81%E7%95%AA&sk=%25E5%25B1%2585%25E9%2585%2592%25E5%25B1%258B&lid=top_navi1&vac_net=&svd=20220403&svt=1900&svps=2&hfc=1&Cat=RC&LstCat=RC21&LstCatD=RC2101&cat_sk=%E5%B1%85%E9%85%92%E5%B1%8B,tokyo,A1307,A130702,R251,rstLst,1,%E9%BA%BB%E5%B8%83%E5%8D%81%E7%95%AA,%25E5%25B1%2585%25E9%2585%2592%25E5%25B1%258B,top_navi1,=,20220403,1900,2,1,RC,RC21,RC2101,%E5%B1%85%E9%85%92%E5%B1%8B
"
îÚíπéR",https://tabelog.com/tokyo/A1323/A132303/R300/rstLst/?vs=1&sa=%E9%A3%9B%E9%B3%A5%E5%B1%B1%E9%A7%85&sk=%25E5%25B1%2585%25E9%2585%2592%25E5%25B1%258B&lid=top_navi1&vac_net=&svd=20220403&svt=1900&svps=2&hfc=1&Cat=RC&LstCat=RC21&LstCatD=RC2101&cat_sk=%E5%B1%85%E9%85%92%E5%B1%8B,tokyo,A1323,A132303,R300,rstLst,1,%E9%A3%9B%E9%B3%A5%E5%B1%B1%E9%A7%85,%25E5%25B1%2585%25E9%2585%2592%25E5%25B1%258B,top_navi1,=,20220403,1900,2,1,RC,RC21,RC2101,%E5%B1%85%E9%85%92%E5%B1%8B
"
ë´óßè¨ë‰",https://tabelog.com/tokyo/A1324/A132401/R11095/rstLst/?vs=1&sa=%E8%B6%B3%E7%AB%8B%E5%B0%8F%E5%8F%B0&sk=%25E5%25B1%2585%25E9%2585%2592%25E5%25B1%258B&lid=top_navi1&vac_net=&svd=20220403&svt=1900&svps=2&hfc=1&Cat=RC&LstCat=RC21&LstCatD=RC2101&cat_sk=%E5%B1%85%E9%85%92%E5%B1%8B,tokyo,A1324,A132401,R11095,rstLst,1,%E8%B6%B3%E7%AB%8B%E5%B0%8F%E5%8F%B0,%25E5%25B1%2585%25E9%2585%2592%25E5%25B1%258B,top_navi1,=,20220403,1900,2,1,RC,RC21,RC2101,%E5%B1%85%E9%85%92%E5%B1%8B
"
åäéÁàÓâ◊",https://tabelog.com/tokyo/A1315/A131504/R351/rstLst/?vs=1&sa=%E7%A9%B4%E5%AE%88%E7%A8%B2%E8%8D%B7&sk=%25E5%25B1%2585%25E9%2585%2592%25E5%25B1%258B&lid=top_navi1&vac_net=&svd=20220403&svt=1900&svps=2&hfc=1&Cat=RC&LstCat=RC21&LstCatD=RC2101&cat_sk=%E5%B1%85%E9%85%92%E5%B1%8B,tokyo,A1315,A131504,R351,rstLst,1,%E7%A9%B4%E5%AE%88%E7%A8%B2%E8%8D%B7,%25E5%25B1%2585%25E9%2585%2592%25E5%25B1%258B,top_navi1,=,20220403,1900,2,1,RC,RC21,RC2101,%E5%B1%85%E9%85%92%E5%B1%8B
"
àªê£",https://tabelog.com/kanagawa/C14218/rstLst/?vs=1&sa=%E7%B6%BE%E7%80%AC%E5%B8%82&sk=%25E5%25B1%2585%25E9%2585%2592%25E5%25B1%258B&lid=top_navi1&vac_net=&svd=20220403&svt=1900&svps=2&hfc=1&Cat=RC&LstCat=RC21&LstCatD=RC2101&cat_sk=%E5%B1%85%E9%85%92%E5%B1%8B,kanagawa,C14218,rstLst,?vs=1&sa=%E7%B6%BE%E7%80%AC%E5%B8%82&sk=%25E5%25B1%2585%25E9%2585%2592%25E5%25B1%258B&lid=top_navi1&vac_net=&svd=20220403&svt=1900&svps=2&hfc=1&Cat=RC&LstCat=RC21&LstCatD=RC2101&cat_sk=%E5%B1%85%E9%85%92%E5%B1%8B,rstLst,1,%E7%B6%BE%E7%80%AC%E5%B8%82,%25E5%25B1%2585%25E9%2585%2592%25E5%25B1%258B,top_navi1,=,20220403,1900,2,1,RC,RC21,RC2101,%E5%B1%85%E9%85%92%E5%B1%8B
"
êVà‰ñÚétëO",https://tabelog.com/tokyo/A1321/A132104/R433/rstLst/?vs=1&sa=%E6%96%B0%E4%BA%95%E8%96%AC%E5%B8%AB%E5%89%8D&sk=%25E5%25B1%2585%25E9%2585%2592%25E5%25B1%258B&lid=top_navi1&vac_net=&svd=20220403&svt=1900&svps=2&hfc=1&Cat=RC&LstCat=RC21&LstCatD=RC2101&cat_sk=%E5%B1%85%E9%85%92%E5%B1%8B,tokyo,A1321,A132104,R433,rstLst,1,%E6%96%B0%E4%BA%95%E8%96%AC%E5%B8%AB%E5%89%8D,%25E5%25B1%2585%25E9%2585%2592%25E5%25B1%258B,top_navi1,=,20220403,1900,2,1,RC,RC21,RC2101,%E5%B1%85%E9%85%92%E5%B1%8B
"
çrêÏàÍíÜëO",https://tabelog.com/tokyo/A1324/A132401/R437/rstLst/?vs=1&sa=%E8%8D%92%E5%B7%9D%E4%B8%80%E4%B8%AD%E5%89%8D&sk=%25E5%25B1%2585%25E9%2585%2592%25E5%25B1%258B&lid=top_navi1&vac_net=&svd=20220403&svt=1900&svps=2&hfc=1&Cat=RC&LstCat=RC21&LstCatD=RC2101&cat_sk=%E5%B1%85%E9%85%92%E5%B1%8B,tokyo,A1324,A132401,R437,rstLst,1,%E8%8D%92%E5%B7%9D%E4%B8%80%E4%B8%AD%E5%89%8D,%25E5%25B1%2585%25E9%2585%2592%25E5%25B1%258B,top_navi1,=,20220403,1900,2,1,RC,RC21,RC2101,%E5%B1%85%E9%85%92%E5%B1%8B
"
çrêÏãÊñèäëO",https://tabelog.com/tokyo/A1324/A132401/R439/rstLst/?vs=1&sa=%E8%8D%92%E5%B7%9D%E5%8C%BA%E5%BD%B9%E6%89%80%E5%89%8D&sk=%25E5%25B1%2585%25E9%2585%2592%25E5%25B1%258B&lid=top_navi1&vac_net=&svd=20220403&svt=1900&svps=2&hfc=1&Cat=RC&LstCat=RC21&LstCatD=RC2101&cat_sk=%E5%B1%85%E9%85%92%E5%B1%8B,tokyo,A1324,A132401,R439,rstLst,1,%E8%8D%92%E5%B7%9D%E5%8C%BA%E5%BD%B9%E6%89%80%E5%89%8D,%25E5%25B1%2585%25E9%2585%2592%25E5%25B1%258B,top_navi1,=,20220403,1900,2,1,RC,RC21,RC2101,%E5%B1%85%E9%85%92%E5%B1%8B
"
çrêÏé‘å…ëO",https://tabelog.com/tokyo/A1323/A132303/R440/rstLst/?vs=1&sa=%E8%8D%92%E5%B7%9D%E8%BB%8A%E5%BA%AB%E5%89%8D&sk=%25E5%25B1%2585%25E9%2585%2592%25E5%25B1%258B&lid=top_navi1&vac_net=&svd=20220403&svt=1900&svps=2&hfc=1&Cat=RC&LstCat=RC21&LstCatD=RC2101&cat_sk=%E5%B1%85%E9%85%92%E5%B1%8B,tokyo,A1323,A132303,R440,rstLst,1,%E8%8D%92%E5%B7%9D%E8%BB%8A%E5%BA%AB%E5%89%8D,%25E5%25B1%2585%25E9%2585%2592%25E5%25B1%258B,top_navi1,=,20220403,1900,2,1,RC,RC21,RC2101,%E5%B1%85%E9%85%92%E5%B1%8B
"
çrêÏéµíöñ⁄",https://tabelog.com/tokyo/A1324/A132401/R441/rstLst/?vs=1&sa=%E8%8D%92%E5%B7%9D%E4%B8%83%E4%B8%81%E7%9B%AE&sk=%25E5%25B1%2585%25E9%2585%2592%25E5%25B1%258B&lid=top_navi1&vac_net=&svd=20220403&svt=1900&svps=2&hfc=1&Cat=RC&LstCat=RC21&LstCatD=RC2101&cat_sk=%E5%B1%85%E9%85%92%E5%B1%8B,tokyo,A1324,A132401,R441,rstLst,1,%E8%8D%92%E5%B7%9D%E4%B8%83%E4%B8%81%E7%9B%AE,%25E5%25B1%2585%25E9%2585%2592%25E5%25B1%258B,top_navi1,=,20220403,1900,2,1,RC,RC21,RC2101,%E5%B1%85%E9%85%92%E5%B1%8B
"
çrêÏìÒíöñ⁄",https://tabelog.com/tokyo/A1324/A132401/R442/rstLst/?vs=1&sa=%E8%8D%92%E5%B7%9D%E4%BA%8C%E4%B8%81%E7%9B%AE&sk=%25E5%25B1%2585%25E9%2585%2592%25E5%25B1%258B&lid=top_navi1&vac_net=&svd=20220403&svt=1900&svps=2&hfc=1&Cat=RC&LstCat=RC21&LstCatD=RC2101&cat_sk=%E5%B1%85%E9%85%92%E5%B1%8B,tokyo,A1324,A132401,R442,rstLst,1,%E8%8D%92%E5%B7%9D%E4%BA%8C%E4%B8%81%E7%9B%AE,%25E5%25B1%2585%25E9%2585%2592%25E5%25B1%258B,top_navi1,=,20220403,1900,2,1,RC,RC21,RC2101,%E5%B1%85%E9%85%92%E5%B1%8B
"
çrêÏóVâÄínëO",https://tabelog.com/tokyo/A1323/A132303/R443/rstLst/?vs=1&sa=%E8%8D%92%E5%B7%9D%E9%81%8A%E5%9C%92%E5%9C%B0%E5%89%8D%E9%A7%85&sk=%25E5%25B1%2585%25E9%2585%2592%25E5%25B1%258B&lid=top_navi1&vac_net=&svd=20220403&svt=1900&svps=2&hfc=1&Cat=RC&LstCat=RC21&LstCatD=RC2101&cat_sk=%E5%B1%85%E9%85%92%E5%B1%8B,tokyo,A1323,A132303,R443,rstLst,1,%E8%8D%92%E5%B7%9D%E9%81%8A%E5%9C%92%E5%9C%B0%E5%89%8D%E9%A7%85,%25E5%25B1%2585%25E9%2585%2592%25E5%25B1%258B,top_navi1,=,20220403,1900,2,1,RC,RC21,RC2101,%E5%B1%85%E9%85%92%E5%B1%8B
"
óLñæ",https://tabelog.com/tokyo/A1313/A131306/R466/rstLst/?vs=1&sa=%E6%9C%89%E6%98%8E%E9%A7%85%EF%BC%88%E6%9D%B1%E4%BA%AC%E9%83%BD%EF%BC%89&sk=%25E5%25B1%2585%25E9%2585%2592%25E5%25B1%258B&lid=top_navi1&vac_net=&svd=20220403&svt=1900&svps=2&hfc=1&Cat=RC&LstCat=RC21&LstCatD=RC2101&cat_sk=%E5%B1%85%E9%85%92%E5%B1%8B,tokyo,A1313,A131306,R466,rstLst,1,%E6%9C%89%E6%98%8E%E9%A7%85%EF%BC%88%E6%9D%B1%E4%BA%AC%E9%83%BD%EF%BC%89,%25E5%25B1%2585%25E9%2585%2592%25E5%25B1%258B,top_navi1,=,20220403,1900,2,1,RC,RC21,RC2101,%E5%B1%85%E9%85%92%E5%B1%8B
"
óLñæÉeÉjÉXÇÃêX",https://tabelog.com/tokyo/A1313/A131306/R10996/rstLst/?vs=1&sa=%E6%9C%89%E6%98%8E%E3%83%86%E3%83%8B%E3%82%B9%E3%81%AE%E6%A3%AE&sk=%25E5%25B1%2585%25E9%2585%2592%25E5%25B1%258B&lid=top_navi1&vac_net=&svd=20220403&svt=1900&svps=2&hfc=1&Cat=RC&LstCat=RC21&LstCatD=RC2101&cat_sk=%E5%B1%85%E9%85%92%E5%B1%8B,tokyo,A1313,A131306,R10996,rstLst,1,%E6%9C%89%E6%98%8E%E3%83%86%E3%83%8B%E3%82%B9%E3%81%AE%E6%A3%AE,%25E5%25B1%2585%25E9%2585%2592%25E5%25B1%258B,top_navi1,=,20220403,1900,2,1,RC,RC21,RC2101,%E5%B1%85%E9%85%92%E5%B1%8B
"
íWòHí¨",https://tabelog.com/tokyo/A1310/A131002/R510/rstLst/?vs=1&sa=%E6%B7%A1%E8%B7%AF%E7%94%BA%E9%A7%85&sk=%25E5%25B1%2585%25E9%2585%2592%25E5%25B1%258B&lid=top_navi1&vac_net=&svd=20220403&svt=1900&svps=2&hfc=1&Cat=RC&LstCat=RC21&LstCatD=RC2101&cat_sk=%E5%B1%85%E9%85%92%E5%B1%8B,tokyo,A1310,A131002,R510,rstLst,1,%E6%B7%A1%E8%B7%AF%E7%94%BA%E9%A7%85,%25E5%25B1%2585%25E9%2585%2592%25E5%25B1%258B,top_navi1,=,20220403,1900,2,1,RC,RC21,RC2101,%E5%B1%85%E9%85%92%E5%B1%8B
"
î—ìcã¥",https://tabelog.com/tokyo/A1309/A130905/R540/rstLst/?vs=1&sa=%E9%A3%AF%E7%94%B0%E6%A9%8B&sk=%25E5%25B1%2585%25E9%2585%2592%25E5%25B1%258B&lid=top_navi1&vac_net=&svd=20220403&svt=1900&svps=2&hfc=1&Cat=RC&LstCat=RC21&LstCatD=RC2101&cat_sk=%E5%B1%85%E9%85%92%E5%B1%8B,tokyo,A1309,A130905,R540,rstLst,1,%E9%A3%AF%E7%94%B0%E6%A9%8B,%25E5%25B1%2585%25E9%2585%2592%25E5%25B1%258B,top_navi1,=,20220403,1900,2,1,RC,RC21,RC2101,%E5%B1%85%E9%85%92%E5%B1%8B
"
à‰â¨",https://tabelog.com/tokyo/A1321/A132105/R560/rstLst/?vs=1&sa=%E4%BA%95%E8%8D%BB%E9%A7%85&sk=%25E5%25B1%2585%25E9%2585%2592%25E5%25B1%258B&lid=top_navi1&vac_net=&svd=20220403&svt=1900&svps=2&hfc=1&Cat=RC&LstCat=RC21&LstCatD=RC2101&cat_sk=%E5%B1%85%E9%85%92%E5%B1%8B,tokyo,A1321,A132105,R560,rstLst,1,%E4%BA%95%E8%8D%BB%E9%A7%85,%25E5%25B1%2585%25E9%2585%2592%25E5%25B1%258B,top_navi1,=,20220403,1900,2,1,RC,RC21,RC2101,%E5%B1%85%E9%85%92%E5%B1%8B
