pref_code,pref_name,station_code,station_name,station_yomi,station_note,station_lat,station_lon
13,"“‹“s",22481,"‘΄","‚ ‚Ά‚Ν‚η","",35.606921,139.331635
13,"“‹“s",29398,"Βδ","‚ ‚¨‚Ά","",35.772662,139.820393
13,"“‹“s",22482,"Β“u","‚ ‚¨‚Ζ","",35.745722,139.856168
13,"“‹“s",29058,"ΒC","‚ ‚¨‚έ","“‹“s",35.624900,139.781514
13,"“‹“s",22483,"Β•¨‰΅’","‚ ‚¨‚ΰ‚Μ‚ζ‚±‚Ώ‚ε‚¤","",35.609345,139.742989
13,"“‹“s",22484,"ΒRκ’–Ϊ","‚ ‚¨‚β‚ά‚Ά‚Α‚Ώ‚ε‚¤‚ί","",35.672810,139.724017
13,"“‹“s",22485,"Τβ","‚ ‚©‚³‚©","“‹“s",35.672060,139.736404
13,"“‹“s",22486,"Τβ©•","‚ ‚©‚³‚©‚έ‚Β‚―","",35.676893,139.737321
13,"“‹“s",29618,"Τ“y¬wZ‘O","‚ ‚©‚Η‚µ‚ε‚¤‚‚Α‚±‚¤‚ά‚¦","",35.742943,139.769010
13,"“‹“s",22487,"Τ‰H","‚ ‚©‚Ξ‚Λ","",35.777660,139.720957
13,"“‹“s",22488,"Τ‰Hβ•£","‚ ‚©‚Ξ‚Λ‚Ά‚ν‚Τ‚Ώ","",35.783436,139.721122
13,"“‹“s",29341,"Τ‰H‹΄","‚ ‚©‚Ξ‚Λ‚Ξ‚µ","",35.654896,139.744016
13,"“‹“s",22489,"Hμ","‚ ‚«‚‚ν","",35.728046,139.286689
13,"“‹“s",22490,"Ί“‡","‚ ‚«‚µ‚ά","",35.713549,139.360906
13,"“‹“s",22491,"H’Γ","‚ ‚«‚Β","",35.778267,139.496808
13,"“‹“s",22492,"H—t΄","‚ ‚«‚Ν‚Ξ‚η","",35.698530,139.773095
13,"“‹“s",22493,"‹΄","‚ ‚―‚Ϊ‚Μ‚Ξ‚µ","",35.692308,139.722571
13,"“‹“s",22494,"Ά²ƒP’J","‚ ‚³‚‚β","",35.704889,139.636327
13,"“‹“s",22495,"σ‘","‚ ‚³‚­‚³","",35.710668,139.797647
13,"“‹“s",29397,"σ‘","‚ ‚³‚­‚³","‚s‚w",35.714613,139.792620
13,"“‹“s",22496,"σ‘‹΄","‚ ‚³‚­‚³‚Ξ‚µ","",35.697447,139.785982
13,"“‹“s",29325,"–ƒ•z\”Τ","‚ ‚΄‚Τ‚¶‚γ‚¤‚Ξ‚ρ","",35.656007,139.737072
13,"“‹“s",22497,"”ς’ΉR","‚ ‚·‚©‚β‚ά","",35.750441,139.737623
13,"“‹“s",29620,"‘«—§¬‘δ","‚ ‚Ύ‚Ώ‚¨‚Ύ‚Ά","",35.754608,139.770398
13,"“‹“s",22498,"ηξ‰Χ","‚ ‚Θ‚ΰ‚θ‚Ά‚Θ‚θ","",35.550406,139.746464
13,"“‹“s",22499,"»£","‚ ‚β‚Ή","",35.762163,139.825171
13,"“‹“s",22500,"Vδ–ςt‘O","‚ ‚η‚Ά‚β‚­‚µ‚ά‚¦","",35.715777,139.671907
13,"“‹“s",29329,"rμκ’†‘O","‚ ‚η‚©‚ν‚Ά‚Α‚Ώ‚γ‚¤‚ά‚¦","",35.733777,139.787897
13,"“‹“s",22501,"rμ‹ζ–π‘O","‚ ‚η‚©‚ν‚­‚β‚­‚µ‚ε‚ά‚¦","",35.735166,139.786231
13,"“‹“s",22502,"rμΤΙ‘O","‚ ‚η‚©‚ν‚µ‚α‚±‚ά‚¦","",35.750997,139.752622
13,"“‹“s",22503,"rμµ’–Ϊ","‚ ‚η‚©‚ν‚Θ‚Θ‚Ώ‚ε‚¤‚ί","",35.741832,139.784286
13,"“‹“s",22504,"rμ“ρ’–Ϊ","‚ ‚η‚©‚ν‚Ι‚Ώ‚ε‚¤‚ί","",35.738720,139.784564
13,"“‹“s",22505,"rμ—V‰€’n‘O","‚ ‚η‚©‚ν‚δ‚¤‚¦‚ρ‚Ώ‚ά‚¦","",35.750719,139.757899
13,"“‹“s",29060,"—L–Ύ","‚ ‚θ‚ ‚―","“‹“s",35.634343,139.793457
13,"“‹“s",29554,"—L–ΎƒeƒjƒX‚ΜX","‚ ‚θ‚ ‚―‚Δ‚Ι‚·‚Μ‚ΰ‚θ","",35.639898,139.789013
13,"“‹“s",22506,"’WH’¬","‚ ‚ν‚¶‚Ώ‚ε‚¤","",35.694892,139.767623
13,"“‹“s",22507,"”Ρ“c‹΄","‚Ά‚Ά‚Ύ‚Ξ‚µ","",35.702113,139.744847
13,"“‹“s",22508,"δ‰¬","‚Ά‚¨‚¬","",35.724525,139.614661
13,"“‹“s",22509,"R”¨","‚Ά‚­‚³‚Ξ‚½","",35.807592,139.207664
13,"“‹“s",22510,"’rγ","‚Ά‚―‚‚έ","",35.572043,139.703272
13,"“‹“s",22511,"’rK‘ε‹΄","‚Ά‚―‚¶‚θ‚¨‚¨‚Ν‚µ","",35.650645,139.684577
13,"“‹“s",22512,"’rƒmγ","‚Ά‚―‚Μ‚¤‚¦","",35.660450,139.673132
13,"“‹“s",22513,"’r‘ά","‚Ά‚―‚Τ‚­‚λ","",35.729914,139.711154
13,"“‹“s",22514,"Ξμ‘δ","‚Ά‚µ‚©‚ν‚Ύ‚Ά","",35.597040,139.685551
13,"“‹“s",22515,"Ξ_‘O","‚Ά‚µ‚‚έ‚ά‚¦","",35.796733,139.225052
13,"“‹“s",29235,"ς‘ΜηΩ","‚Ά‚Έ‚έ‚½‚Ά‚Ά‚­‚©‚ρ","",35.718772,139.419595
13,"“‹“s",22516,"aς‘½–€μ","‚Ά‚Έ‚έ‚½‚ά‚‚ν","",35.627257,139.573642
13,"“‹“s",22517,"”Β‹΄","‚Ά‚½‚Ξ‚µ","",35.746024,139.719569
13,"“‹“s",22518,"”Β‹΄‹ζ–π‘O","‚Ά‚½‚Ξ‚µ‚­‚β‚­‚µ‚ε‚ά‚¦","",35.751246,139.710264
13,"“‹“s",22519,"”Β‹΄–{’¬","‚Ά‚½‚Ξ‚µ‚Ω‚ρ‚Ώ‚ε‚¤","",35.761050,139.705653
13,"“‹“s",22520,"sƒP’J","‚Ά‚Ώ‚‚β","",35.691003,139.735598
13,"“‹“s",22521,"κ”V]","‚Ά‚Ώ‚Μ‚¦","",35.686006,139.882892
13,"“‹“s",22522,"ξι","‚Ά‚Θ‚¬","",35.636171,139.500203
13,"“‹“s",22523,"ξι’·ΐ","‚Ά‚Θ‚¬‚Θ‚‚Κ‚ά","",35.644226,139.502703
13,"“‹“s",22524,"ξ‰Χ’¬","‚Ά‚Θ‚θ‚Ώ‚ε‚¤","“‹“s",35.711362,139.782176
13,"“‹“s",22525,"δ‚Μ“φ‰€","‚Ά‚Μ‚©‚µ‚η‚±‚¤‚¦‚ρ","",35.697499,139.582721
13,"“‹“s",22526,"“ό’J","‚Ά‚θ‚β","“‹“s",35.720306,139.784204
13,"“‹“s",22527,"β–{’¬","‚Ά‚ν‚ΰ‚Ζ‚Ώ‚ε‚¤","",35.695530,139.775039
13,"“‹“s",22528,"γ–μ","‚¤‚¦‚Μ","",35.713557,139.776788
13,"“‹“s",29335,"γ–μδ“k’¬","‚¤‚¦‚Μ‚¨‚©‚Ώ‚ά‚Ώ","",35.707946,139.773733
13,"“‹“s",22529,"γ–μL¬H","‚¤‚¦‚Μ‚Π‚λ‚±‚¤‚¶","",35.707640,139.773039
13,"“‹“s",22530,"•‚ΤM“n","‚¤‚«‚ά‚Σ‚Θ‚Η","",35.791213,139.691375
13,"“‹“s",22531,"ις’J","‚¤‚®‚Ά‚·‚Ύ‚Ι","",35.720306,139.779092
13,"“‹“s",29334,"‹_yβ","‚¤‚µ‚²‚ί‚©‚®‚η‚΄‚©","",35.700724,139.735403
13,"“‹“s",29333,"‹–φ’¬","‚¤‚µ‚²‚ί‚β‚Θ‚¬‚Ώ‚ε‚¤","",35.699613,139.725126
13,"“‹“s",22532,"‹“c","‚¤‚µ‚Ύ","“‹“s",35.744387,139.811284
13,"“‹“s",22533,"‹•l","‚¤‚µ‚Ν‚ά","",35.734602,139.333434
13,"“‹“s",22534,"“ΰK’¬","‚¤‚Ώ‚³‚Ά‚ν‚Ά‚Ώ‚ε‚¤","",35.670172,139.755681
13,"“‹“s",22535,"‰L‚Μ–Ψ","‚¤‚Μ‚«","",35.575347,139.680830
13,"“‹“s",22536,"”~ƒP‹u","‚¤‚ί‚‚¨‚©","",35.655922,139.653634
13,"“‹“s",22537,"”~“‡","‚¤‚ί‚¶‚ά","",35.772579,139.797644
13,"“‹“s",22538,"”~‰®•~","‚¤‚ί‚β‚µ‚«","“‹“s",35.566793,139.728188
13,"“‹“s",22542,"‰i•’¬","‚¦‚Ά‚Σ‚­‚Ώ‚ε‚¤","",35.676224,139.642662
13,"“‹“s",22543,"]Γ“c","‚¦‚±‚Ύ","",35.737552,139.672823
13,"“‹“s",22539,"‰z’†“‡","‚¦‚Α‚Ώ‚γ‚¤‚¶‚ά","",35.667951,139.792622
13,"“‹“s",22544,"]Λμ","‚¦‚Η‚‚ν","",35.737723,139.896222
13,"“‹“s",22545,"]Λμ‹΄","‚¦‚Η‚‚ν‚Ξ‚µ","",35.709251,139.734041
13,"“‹“s",22546,"‰`΄’†‰„","‚¦‚Ξ‚η‚Θ‚©‚Μ‚Τ","",35.609927,139.711964
13,"“‹“s",22547,"‰`΄’¬","‚¦‚Ξ‚η‚ά‚Ώ","",35.603761,139.707827
13,"“‹“s",22548,"b”δυ","‚¦‚Ρ‚·","",35.646841,139.709297
13,"“‹“s",29621,"ξ‘ε‹΄","‚¨‚¤‚¬‚¨‚¨‚Ν‚µ","",35.763774,139.770814
13,"“‹“s",22549,"‰¤q","‚¨‚¤‚¶","",35.753219,139.737901
13,"“‹“s",22550,"‰¤q‰w‘O","‚¨‚¤‚¶‚¦‚«‚ά‚¦","",35.752941,139.737901
13,"“‹“s",22551,"‰¤q_’J","‚¨‚¤‚¶‚©‚έ‚β","",35.765328,139.735566
13,"“‹“s",22552,"Β”~","‚¨‚¤‚ί","",35.790290,139.258383
13,"“‹“s",22553,"Β”~X“Ή","‚¨‚¤‚ί‚©‚Ά‚Η‚¤","",35.730605,139.476562
13,"“‹“s",22554,"‘εδ‹£”nκ‘O","‚¨‚¨‚Ά‚―‚Ά‚Ξ‚¶‚ε‚¤‚ά‚¦","",35.595041,139.747101
13,"“‹“s",22555,"‘εςw‰€","‚¨‚¨‚Ά‚Έ‚έ‚‚­‚¦‚ρ","",35.749522,139.586552
13,"“‹“s",22556,"‘εδ’¬","‚¨‚¨‚Ά‚ά‚Ώ","",35.607123,139.734574
13,"“‹“s",22557,"‘ε‰R","‚¨‚¨‚¨‚©‚β‚ά","",35.607511,139.685633
13,"“‹“s",22558,"‘ε‹v•Ϋ","‚¨‚¨‚­‚Ϊ","“‹“s",35.700724,139.697378
13,"“‹“s",22559,"‘εθ","‚¨‚¨‚³‚«","",35.619899,139.728185
13,"“‹“s",22560,"‘εθL¬H","‚¨‚¨‚³‚«‚Π‚λ‚±‚¤‚¶","",35.622677,139.722741
13,"“‹“s",22561,"‘ε“‡","‚¨‚¨‚¶‚ά","“‹“s",35.689894,139.835673
13,"“‹“s",22562,"‘ε’Λ","‚¨‚¨‚Β‚©","“‹“s",35.731775,139.728124
13,"“‹“s",22563,"‘ε’Λ‰w‘O","‚¨‚¨‚Β‚©‚¦‚«‚ά‚¦","",35.731637,139.729347
13,"“‹“s",29296,"‘ε’ΛE’ι‹‘εw","‚¨‚¨‚Β‚©‚Δ‚Ά‚«‚ε‚¤‚Ύ‚Ά‚‚­","",35.636837,139.416544
13,"“‹“s",22564,"‘εθ’¬","‚¨‚¨‚Δ‚ά‚Ώ","“‹“s",35.685726,139.764291
13,"“‹“s",22565,"‘ε’Ή‹","‚¨‚¨‚Ζ‚θ‚Ά","",35.552407,139.739993
13,"“‹“s",22566,"‘εX","‚¨‚¨‚ΰ‚θ","“‹“s",35.588375,139.727936
13,"“‹“s",22567,"‘εXCέ","‚¨‚¨‚ΰ‚θ‚©‚Ά‚‚ρ","",35.587681,139.735464
13,"“‹“s",22568,"‘εX’¬","‚¨‚¨‚ΰ‚θ‚ά‚Ώ","",35.572571,139.732103
13,"“‹“s",22569,"‘εR","‚¨‚¨‚β‚ά","“‹“s",35.748440,139.702681
13,"“‹“s",22570,"δ“k’¬","‚¨‚©‚Ώ‚ά‚Ώ","",35.707391,139.774844
13,"“‹“s",22571,"¬μ","‚¨‚‚ν","“‹“s",35.737493,139.463562
13,"“‹“s",22572,"¬μ’¬","‚¨‚‚ν‚ά‚Ώ","“‹“s",35.695225,139.767150
13,"“‹“s",22573,"‰¬E","‚¨‚¬‚­‚Ϊ","",35.704611,139.619968
13,"“‹“s",22574,"”φ‹v","‚¨‚­","",35.746774,139.753844
13,"“‹“s",22575,"‰‘ς","‚¨‚­‚³‚ν","",35.603844,139.671968
13,"“‹“s",22576,"‰‘½–€","‚¨‚­‚½‚ά","",35.809174,139.096701
13,"“‹“s",22577,"¬μ","‚¨‚΄‚­","",35.776291,139.301935
13,"“‹“s",22578,"‰γ","‚¨‚µ‚ ‚°","",35.710613,139.813313
13,"“‹“s",22579,"¬‘δ","‚¨‚Ύ‚Ά","",35.750442,139.761592
13,"“‹“s",29054,"‚¨‘δκC•lφ‰€","‚¨‚Ύ‚Ά‚Ξ‚©‚Ά‚Π‚ρ‚±‚¤‚¦‚ρ","",35.629899,139.778736
13,"“‹“s",22580,"¬“c‹}‘½–€ƒZƒ“ƒ^[","‚¨‚Ύ‚«‚γ‚¤‚½‚ά‚Ή‚ρ‚½[","",35.625060,139.424599
13,"“‹“s",22581,"¬“c‹}‰iR","‚¨‚Ύ‚«‚γ‚¤‚Θ‚‚β‚ά","",35.629810,139.448235
13,"“‹“s",22583,"—‡","‚¨‚Ώ‚ ‚Ά","“‹“s",35.710722,139.686073
13,"“‹“s",29215,"—‡“μ’·θ","‚¨‚Ώ‚ ‚Ά‚έ‚Θ‚έ‚Θ‚‚³‚«","",35.722943,139.683740
13,"“‹“s",22582,"δ’ƒƒm…","‚¨‚Ώ‚α‚Μ‚έ‚Έ","",35.699835,139.763790
13,"“‹“s",22584,"δ¬–ε","‚¨‚Θ‚θ‚ΰ‚ρ","",35.661007,139.751403
13,"“‹“s",22585,"‚¨‰Τ’ƒ‰®","‚¨‚Ν‚Θ‚ΐ‚α‚β","",35.747582,139.840225
13,"“‹“s",22586,"¬‘Ίδ","‚¨‚ή‚η‚Ά","",35.710113,139.828034
13,"“‹“s",22587,"–Κ‰e‹΄","‚¨‚ΰ‚©‚°‚Ξ‚µ","",35.712945,139.714293
13,"“‹“s",22588,"•\Q“Ή","‚¨‚ΰ‚Δ‚³‚ρ‚Η‚¤","",35.665450,139.712074
13,"“‹“s",22589,"”φR‘δ","‚¨‚β‚ά‚Ύ‚Ά","",35.606871,139.654081
13,"“‹“s",22590,"δ›ΤR","‚¨‚ρ‚½‚―‚³‚ρ","",35.585263,139.682413
13,"“‹“s",22591,"_yβ","‚©‚®‚η‚΄‚©","",35.703807,139.734681
13,"“‹“s",22592,"‹Ό","‚©‚³‚Ά","",35.663591,139.872143
13,"“‹“s",22593,"‹Ό—ΥCφ‰€","‚©‚³‚Ά‚θ‚ρ‚©‚Ά‚±‚¤‚¦‚ρ","",35.644399,139.861617
13,"“‹“s",22594,"΄","‚©‚¶‚ν‚η","",35.750997,139.747900
13,"“‹“s",22595,"t“ϊ","‚©‚·‚","“‹“s",35.708779,139.753179
13,"“‹“s",22596,"‰ΰƒPΦ","‚©‚·‚έ‚‚Ή‚«","“‹“s",35.673505,139.751792
13,"“‹“s",22597,"•Π‘q","‚©‚½‚­‚η","",35.639695,139.341438
13,"“‹“s",29339,"‚Η‚«","‚©‚Ώ‚Η‚«","",35.659341,139.777624
13,"“‹“s",22598,"‹ΰ’¬","‚©‚Θ‚ά‚Ώ","“‹“s",35.769525,139.870277
13,"“‹“s",22599,"—v’¬","‚©‚Θ‚ί‚Ώ‚ε‚¤","",35.733137,139.698265
13,"“‹“s",22600,"ΰƒP•£","‚©‚Λ‚‚Σ‚Ώ","",35.733416,139.820005
13,"“‹“s",22601,"‰Ν•Σ","‚©‚Χ","",35.784540,139.284798
13,"“‹“s",22602,"—“c","‚©‚ά‚½","",35.562155,139.715550
13,"“‹“s",22603,"γδ‘","‚©‚έ‚Ά‚®‚³","",35.725107,139.603579
13,"“‹“s",22604,"γ”Β‹΄","‚©‚έ‚Ά‚½‚Ξ‚µ","",35.763494,139.676433
13,"“‹“s",22605,"γ–k‘ς","‚©‚έ‚«‚½‚΄‚ν","",35.668837,139.623497
13,"“‹“s",29232,"γ–k‘δ","‚©‚έ‚«‚½‚Ύ‚Ά","",35.745714,139.415844
13,"“‹“s",22606,"γΞ_δ","‚©‚έ‚µ‚α‚­‚¶‚Ά","",35.726218,139.592081
13,"“‹“s",22607,"γ’†—Ά","‚©‚έ‚Θ‚©‚΄‚Ζ","",35.746580,139.746955
13,"“‹“s",22608,"γ–μ–Ρ","‚©‚έ‚Μ‚°","",35.612009,139.638859
13,"“‹“s",22609,"γ’¬","‚©‚έ‚ά‚Ώ","",35.643395,139.646635
13,"“‹“s",22610,"_’J’¬","‚©‚έ‚β‚Ώ‚ε‚¤","",35.662616,139.745015
13,"“‹“s",22611,"‹T—L","‚©‚ί‚ ‚θ","",35.766552,139.847474
13,"“‹“s",22612,"‹TΛ","‚©‚ί‚Ά‚Η","",35.697587,139.826090
13,"“‹“s",22613,"‹TΛ…_","‚©‚ί‚Ά‚Η‚·‚Ά‚¶‚ρ","",35.700281,139.833700
13,"“‹“s",22614,"κ’¬","‚©‚β‚Ξ‚Ώ‚ε‚¤","",35.679921,139.780066
13,"“‹“s",22615,"“‚–Ψ“c","‚©‚η‚«‚Ύ","",35.615838,139.411129
13,"“‹“s",22616,"μδ","‚©‚ν‚Ά","",35.813824,139.164028
13,"“‹“s",22617,"_“c","‚©‚ρ‚Ύ","“‹“s",35.692948,139.770956
13,"“‹“s",22618,"O‰‘‘O","‚‚Ά‚¦‚ρ‚ά‚¦","",35.670311,139.717656
13,"“‹“s",22619,"w|‘εw","‚‚­‚°‚Ά‚Ύ‚Ά‚‚­","",35.628842,139.685299
13,"“‹“s",22620,"wK‰@‰Ί","‚‚­‚µ‚γ‚¤‚Ά‚ρ‚µ‚½","",35.716278,139.712349
13,"“‹“s",22624,"‹eμ","‚«‚­‚©‚ν","“‹“s",35.688337,139.806093
13,"“‹“s",22625,"‹Sq•κ_‘O","‚«‚µ‚Ϊ‚¶‚ρ‚ά‚¦","",35.720166,139.714849
13,"“‹“s",22626,"–kΤ‰H","‚«‚½‚ ‚©‚Ξ‚Λ","",35.786687,139.706207
13,"“‹“s",22627,"–k»£","‚«‚½‚ ‚β‚Ή","",35.776968,139.832086
13,"“‹“s",22628,"–k’r‘ά","‚«‚½‚Ά‚―‚Τ‚­‚λ","",35.741275,139.716764
13,"“‹“s",29637,"–kQ“Ή","‚«‚½‚³‚ρ‚Η‚¤","",35.678504,139.705407
13,"“‹“s",22629,"–k•iμ","‚«‚½‚µ‚Θ‚‚ν","",35.622482,139.739378
13,"“‹“s",22630,"–kηZ","‚«‚½‚Ή‚ρ‚¶‚γ","",35.749609,139.805118
13,"“‹“s",22631,"–kη‘©","‚«‚½‚Ή‚ρ‚Ό‚­","",35.606316,139.693216
13,"“‹“s",22633,"–k–μ","‚«‚½‚Μ","“‹“s",35.644417,139.354660
13,"“‹“s",22634,"–k”‰¤q","‚«‚½‚Ν‚Ώ‚¨‚¤‚¶","",35.669332,139.363491
13,"“‹“s",22635,"–k•{’†","‚«‚½‚Σ‚Ώ‚γ‚¤","",35.680777,139.471815
13,"“‹“s",22636,"μ‘½©","‚«‚½‚έ","",35.636673,139.587112
13,"“‹“s",22637,"‹gΛ›","‚«‚Ώ‚¶‚ε‚¤‚¶","",35.702944,139.579861
13,"“‹“s",22638,"–Ψκ","‚«‚Ξ","“‹“s",35.669367,139.806760
13,"“‹“s",22621,"‹£’ψκ‘O","‚«‚ε‚¤‚Δ‚Ά‚¶‚ε‚¤‚ά‚¦","",35.656169,139.499592
13,"“‹“s",22622,"o“°","‚«‚ε‚¤‚Η‚¤","",35.651310,139.636441
13,"“‹“s",22623,"‹‹΄","‚«‚ε‚¤‚Ξ‚µ","“‹“s",35.676810,139.770124
13,"“‹“s",29338,"΄”’‰Ν","‚«‚ζ‚·‚έ‚µ‚η‚©‚ν","",35.682116,139.798732
13,"“‹“s",22639,"΄£","‚«‚ζ‚Ή","",35.772102,139.519918
13,"“‹“s",29736,"΄‘κ","‚«‚ζ‚½‚«","",35.631084,139.266834
13,"“‹“s",22640,"‹Ρ…’¬","‚«‚ρ‚µ‚Ώ‚ε‚¤","",35.696421,139.813952
13,"“‹“s",22641,"‹βΐ","‚¬‚ρ‚΄","",35.672117,139.764569
13,"“‹“s",22642,"‹βΐκ’–Ϊ","‚¬‚ρ‚΄‚Ά‚Α‚Ώ‚ε‚¤‚ί","",35.674560,139.766679
13,"“‹“s",22643,"‹v‚΄","‚­‚‚Ν‚η","",35.579819,139.685357
13,"“‹“s",22644,"‹v‰δR","‚­‚‚β‚ά","",35.687778,139.599721
13,"“‹“s",22645,"‹γ’i‰Ί","‚­‚Ύ‚ρ‚µ‚½","",35.695474,139.751485
13,"“‹“s",22646,"‘—§","‚­‚Ι‚½‚Ώ","",35.699135,139.446400
13,"“‹“s",22647,"‹γ•i•§","‚­‚Ω‚ρ‚Τ‚Β","",35.605399,139.661025
13,"“‹“s",22648,"Fμ","‚­‚ά‚‚ν","",35.728436,139.335407
13,"“‹“s",22649,"F–μ‘O","‚­‚ά‚Μ‚ά‚¦","",35.749053,139.769565
13,"“‹“s",29619,"F–μ‘O","‚­‚ά‚Μ‚ά‚¦","Ιlƒ‰ƒCƒi[",35.748498,139.769843
13,"“‹“s",22650,"‹v•Δμ","‚­‚ί‚‚ν","",35.750020,139.472006
13,"“‹“s",22651,"‘ ‘O","‚­‚η‚ά‚¦","",35.704475,139.792065
13,"“‹“s",22653,"‹‰¤•Π‘q","‚―‚Ά‚¨‚¤‚©‚½‚­‚η","",35.644362,139.337355
13,"“‹“s",22654,"‹‰¤‘½–€μ","‚―‚Ά‚¨‚¤‚½‚ά‚‚ν","",35.644782,139.537061
13,"“‹“s",22655,"‹‰¤‘½–€ƒZƒ“ƒ^[","‚―‚Ά‚¨‚¤‚½‚ά‚Ή‚ρ‚½[","",35.625171,139.424322
13,"“‹“s",22656,"‹‰¤‰iR","‚―‚Ά‚¨‚¤‚Θ‚‚β‚ά","",35.630310,139.448264
13,"“‹“s",22657,"‹‰¤”‰¤q","‚―‚Ά‚¨‚¤‚Ν‚Ώ‚¨‚¤‚¶","",35.658222,139.342938
13,"“‹“s",22658,"‹‰¤–x”V“ΰ","‚―‚Ά‚¨‚¤‚Ω‚θ‚Μ‚¤‚Ώ","",35.624448,139.400323
13,"“‹“s",22659,"‹‰¤‚ζ‚έ‚¤‚θƒ‰ƒ“ƒh","‚―‚Ά‚¨‚¤‚ζ‚έ‚¤‚θ‚η‚ρ‚Η","",35.632866,139.516785
13,"“‹“s",22660,"‹‹}—“c","‚―‚Ά‚«‚γ‚¤‚©‚ά‚½","",35.560794,139.723771
13,"“‹“s",22661,"‹¬γ–μ","‚―‚Ά‚Ή‚Ά‚¤‚¦‚Μ","",35.711196,139.773427
13,"“‹“s",22662,"‹¬‹ΰ’¬","‚―‚Ά‚Ή‚Ά‚©‚Θ‚ά‚Ώ","",35.768469,139.870500
13,"“‹“s",22663,"‹¬¬β","‚―‚Ά‚Ή‚Ά‚±‚Ά‚ν","",35.742055,139.883888
13,"“‹“s",22664,"‹¬Φ‰®","‚―‚Ά‚Ή‚Ά‚Ή‚«‚β","",35.743998,139.811561
13,"“‹“s",22665,"‹¬‚»","‚―‚Ά‚Ή‚Ά‚½‚©‚³‚²","",35.750943,139.866945
13,"“‹“s",22666,"‹¬—§Ξ","‚―‚Ά‚Ή‚Ά‚½‚Δ‚Ά‚µ","",35.738278,139.848614
13,"“‹“s",22667,"‹¬‰gM","‚―‚Ά‚Ή‚Ά‚Π‚«‚Σ‚Λ","",35.718029,139.819645
13,"“‹“s",22669,"—φƒPE","‚±‚Ά‚‚­‚Ϊ","",35.710940,139.464175
13,"“‹“s",22670,"¬β","‚±‚Ά‚ν","",35.732946,139.881695
13,"“‹“s",22671,"‚‰~›","‚±‚¤‚¦‚ρ‚¶","",35.705333,139.649826
13,"“‹“s",29300,"bBX“Ή","‚±‚¤‚µ‚γ‚¤‚©‚Ά‚Η‚¤","",35.678221,139.409320
13,"“‹“s",22672,"M\’Λ","‚±‚¤‚µ‚ρ‚Γ‚©","",35.739609,139.729846
13,"“‹“s",22673,"’¬","‚±‚¤‚¶‚ά‚Ώ","",35.684781,139.737459
13,"“‹“s",22674,"βο’J","‚±‚¤‚¶‚β","",35.554490,139.729633
13,"“‹“s",29623,"]–k","‚±‚¤‚Ω‚­","",35.773773,139.770397
13,"“‹“s",29622,"‚–μ","‚±‚¤‚β","“‹“s",35.768495,139.770675
13,"“‹“s",22675,"γy‰€","‚±‚¤‚η‚­‚¦‚ρ","",35.707390,139.751791
13,"“‹“s",29072,"‘Ϋ“W¦κ","‚±‚­‚³‚Ά‚Δ‚ρ‚¶‚¶‚ε‚¤","",35.635065,139.792290
13,"“‹“s",29059,"‘Ϋ“W¦κ³–ε","‚±‚­‚³‚Ά‚Δ‚ρ‚¶‚¶‚ε‚¤‚Ή‚Ά‚ΰ‚ρ","",35.630177,139.791513
13,"“‹“s",22676,"‘•›","‚±‚­‚Τ‚ρ‚¶","",35.700247,139.480257
13,"“‹“s",29321,"‘—§‹£‹Zκ","‚±‚­‚θ‚Β‚«‚ε‚¤‚¬‚¶‚ε‚¤","",35.679893,139.714295
13,"“‹“s",22677,"‘—Μ","‚±‚­‚θ‚ε‚¤","",35.650253,139.558615
13,"“‹“s",22678,"¬›","‚±‚·‚°","",35.758941,139.812866
13,"“‹“s",22679,"¬’|ό΄","‚±‚½‚―‚ή‚©‚Ά‚Ν‚η","",35.743329,139.679489
13,"“‹“s",22680,"¬•½","‚±‚Ύ‚Ά‚η","",35.737105,139.488200
13,"“‹“s",22668,"‘‰ο‹c–“°‘O","‚±‚Α‚©‚Ά‚¬‚¶‚Η‚¤‚ά‚¦","",35.674338,139.744848
13,"“‹“s",22681,"¬“`”n’¬","‚±‚Ε‚ρ‚ά‚Ώ‚ε‚¤","",35.690309,139.778789
13,"“‹“s",22682,"]","‚±‚ά‚¦","",35.632145,139.577419
13,"“‹“s",22683,"‹ξ","‚±‚ά‚²‚ί","",35.736470,139.746872
13,"“‹“s",22684,"‹ξ‘ς‘εw","‚±‚ά‚΄‚ν‚Ύ‚Ά‚‚­","",35.633508,139.661801
13,"“‹“s",22685,"‹ξκ“‘ε‘O","‚±‚ά‚Ξ‚Ζ‚¤‚Ύ‚Ά‚ά‚¦","",35.658645,139.684493
13,"“‹“s",22686,"¬‹{","‚±‚έ‚β","",35.685469,139.368795
13,"“‹“s",22687,"Γ—Ά","‚±‚θ","“‹“s",35.816257,139.152113
13,"“‹“s",22688,"¥­","‚±‚κ‚ά‚³","",35.656307,139.488786
13,"“‹“s",22689,"‹“Ώ›","‚²‚¤‚Ζ‚­‚¶","",35.653672,139.647523
13,"“‹“s",22690,"μ‘›","‚²‚±‚­‚¶","",35.719166,139.727319
13,"“‹“s",22691,"ά”½“c","‚²‚½‚ρ‚Ύ","",35.626288,139.724297
13,"“‹“s",22692,"ά”½–μ","‚²‚½‚ρ‚Μ","",35.766079,139.809310
13,"“‹“s",22693,"‰h’¬","‚³‚©‚¦‚Ώ‚ε‚¤","“‹“s",35.750997,139.742345
13,"“‹“s",22694,"λƒm‹{","‚³‚¬‚Μ‚έ‚β","",35.722608,139.638938
13,"“‹“s",29233,"χX“Ή","‚³‚­‚η‚©‚Ά‚Η‚¤","",35.738770,139.416678
13,"“‹“s",22695,"χV’¬","‚³‚­‚η‚µ‚ρ‚ά‚Ώ","",35.631674,139.645219
13,"“‹“s",22696,"χγ…","‚³‚­‚η‚¶‚ε‚¤‚·‚Ά","",35.667559,139.631913
13,"“‹“s",22697,"χ‘δ","‚³‚­‚η‚Ύ‚Ά","“‹“s",35.738691,139.662379
13,"“‹“s",22698,"χ“c–ε","‚³‚­‚η‚Ύ‚ΰ‚ρ","",35.677421,139.752097
13,"“‹“s",22699,"ω’Λ","‚³‚³‚Γ‚©","",35.673670,139.667326
13,"“‹“s",22700,"LF","‚³‚ί‚Έ","",35.605123,139.742546
13,"“‹“s",22701,"‘ςδ","‚³‚ν‚Ά","",35.805786,139.194055
13,"“‹“s",22702,"Q‹{‹΄","‚³‚ρ‚®‚¤‚Ξ‚µ","",35.678698,139.693574
13,"“‹“s",22703,"O¬’ƒ‰®","‚³‚ρ‚°‚ρ‚ΐ‚α‚β","",35.643507,139.671022
13,"“‹“s",22707,"’Ε–Ό’¬","‚µ‚Ά‚Θ‚ά‚Ώ","",35.726442,139.695016
13,"“‹“s",29438,"¬—―","‚µ‚¨‚Η‚ί","",35.662951,139.760125
13,"“‹“s",22708,"’©","‚µ‚¨‚έ","",35.658702,139.817370
13,"“‹“s",29555,"sκ‘O","‚µ‚¶‚ε‚¤‚ά‚¦","",35.645731,139.785679
13,"“‹“s",22709,"•iμ","‚µ‚Θ‚‚ν","",35.628510,139.738740
13,"“‹“s",29439,"•iμƒV[ƒTƒCƒh","‚µ‚Θ‚‚ν‚µ[‚³‚Ά‚Η","",35.609623,139.749851
13,"“‹“s",22710,"M”Z’¬","‚µ‚Θ‚Μ‚ά‚Ώ","",35.680087,139.720238
13,"“‹“s",22711,"Βθ","‚µ‚Μ‚΄‚«","",35.706087,139.903750
13,"“‹“s",29071,"“‰_","‚µ‚Μ‚Μ‚ί","“‹“s",35.640732,139.804012
13,"“‹“s",29053,"Ε‰Y‚Σ“","‚µ‚Ξ‚¤‚η‚Σ‚Ζ‚¤","",35.642314,139.757848
13,"“‹“s",22712,"Εφ‰€","‚µ‚Ξ‚±‚¤‚¦‚ρ","",35.653451,139.749737
13,"“‹“s",22713,"Δθ","‚µ‚Ξ‚³‚«","",35.654170,139.566835
13,"“‹“s",29301,"Δθ‘ΜηΩ","‚µ‚Ξ‚³‚«‚½‚Ά‚Ά‚­‚©‚ρ","",35.689803,139.409320
13,"“‹“s",22714,"Δ–”","‚µ‚Ξ‚ά‚½","",35.756665,139.875500
13,"“‹“s",22715,"a’J","‚µ‚Τ‚β","",35.658506,139.701797
13,"“‹“s",22716,"u‘Ίβγ","‚µ‚ή‚η‚³‚©‚¤‚¦","",35.776298,139.694875
13,"“‹“s",22717,"u‘ΊO’–Ϊ","‚µ‚ή‚η‚³‚ρ‚Ώ‚ε‚¤‚ί","",35.777521,139.686264
13,"“‹“s",22718,"u–Ξ","‚µ‚ΰ","",35.777826,139.732788
13,"“‹“s",22719,"‰ΊΤ’Λ","‚µ‚ΰ‚ ‚©‚Β‚©","",35.770520,139.644574
13,"“‹“s",22720,"‰Ίδ‘","‚µ‚ΰ‚Ά‚®‚³","",35.723941,139.624328
13,"“‹“s",22721,"‰Ί”Β‹΄","‚µ‚ΰ‚Ά‚½‚Ξ‚µ","",35.745663,139.714875
13,"“‹“s",22722,"‰Ί—‡","‚µ‚ΰ‚¨‚Ώ‚ ‚Ά","",35.715833,139.695155
13,"“‹“s",22723,"‰Ί–k‘ς","‚µ‚ΰ‚«‚½‚΄‚ν","",35.661310,139.667494
13,"“‹“s",22724,"‰Ί_–Ύ","‚µ‚ΰ‚µ‚ρ‚ί‚Ά","",35.608817,139.726324
13,"“‹“s",22725,"‰Ί‚δΛ","‚µ‚ΰ‚½‚©‚Ά‚Η","",35.666143,139.641385
13,"“‹“s",22726,"‰ΊΫq","‚µ‚ΰ‚ά‚ι‚±","",35.571154,139.685774
13,"“‹“s",22704,"Ξ_δφ‰€","‚µ‚α‚­‚¶‚Ά‚±‚¤‚¦‚ρ","",35.743745,139.606107
13,"“‹“s",22705,"Ό‰A_Π‘O","‚µ‚ε‚¤‚Ά‚ρ‚¶‚ρ‚¶‚α‚ά‚¦","",35.643979,139.655274
13,"“‹“s",22706,"Ίa“‡","‚µ‚ε‚¤‚ν‚¶‚ά","",35.570461,139.749853
13,"“‹“s",22632,"”’…‘δ","‚µ‚η‚Ά‚Ζ‚Ύ‚Ά","",35.666474,139.509868
13,"“‹“s",29326,"”’‹ΰ‚—Φ","‚µ‚λ‚©‚Λ‚½‚©‚Θ‚ν","",35.642675,139.734017
13,"“‹“s",29327,"”’‹ΰ‘δ","‚µ‚λ‚©‚Λ‚Ύ‚Ά","",35.637953,139.726240
13,"“‹“s",22727,"”’Ϋ","‚µ‚λ‚ά‚ι","“‹“s",35.811813,139.114782
13,"“‹“s",22728,"VH’Γ","‚µ‚ρ‚ ‚«‚Β","",35.777850,139.493392
13,"“‹“s",22729,"V”Β‹΄","‚µ‚ρ‚Ά‚½‚Ξ‚µ","",35.748801,139.719486
13,"“‹“s",29216,"V]Γ“c","‚µ‚ρ‚¦‚²‚½","",35.732664,139.670130
13,"“‹“s",22730,"V‘ε‹v•Ϋ","‚µ‚ρ‚¨‚¨‚­‚Ϊ","",35.701028,139.700211
13,"“‹“s",22731,"V‘ε’Λ","‚µ‚ρ‚¨‚¨‚Β‚©","",35.726110,139.729402
13,"“‹“s",29336,"Vδ“k’¬","‚µ‚ρ‚¨‚©‚Ώ‚ά‚Ώ","",35.706836,139.783177
13,"“‹“s",22732,"Vδ’ƒƒm…","‚µ‚ρ‚¨‚Ώ‚α‚Μ‚έ‚Έ","",35.696892,139.765401
13,"“‹“s",22733,"V–Ψκ","‚µ‚ρ‚«‚Ξ","",35.646148,139.827425
13,"“‹“s",22734,"V¬β","‚µ‚ρ‚±‚Ά‚ν","",35.716779,139.858281
13,"“‹“s",22735,"V‚‰~›","‚µ‚ρ‚±‚¤‚¦‚ρ‚¶","",35.697750,139.648299
13,"“‹“s",22736,"VM\’Λ","‚µ‚ρ‚±‚¤‚µ‚ρ‚Γ‚©","",35.741553,139.730680
13,"“‹“s",22737,"V¬‹ΰδ","‚µ‚ρ‚±‚‚Λ‚Ά","",35.695693,139.526281
13,"“‹“s",22738,"V¬•½","‚µ‚ρ‚±‚Ύ‚Ά‚η","",35.730799,139.470506
13,"“‹“s",22739,"Vχ‘δ","‚µ‚ρ‚³‚­‚η‚Ύ‚Ά","",35.741330,139.669018
13,"“‹“s",22740,"VΔ–”","‚µ‚ρ‚µ‚Ξ‚ά‚½","",35.751359,139.880333
13,"“‹“s",22741,"Vh","‚µ‚ρ‚¶‚γ‚­","",35.690725,139.699851
13,"“‹“s",29342,"Vh","‚µ‚ρ‚¶‚γ‚­","“‹ƒƒgƒ",35.692391,139.700962
13,"“‹“s",22742,"Vhδ‰‘‘O","‚µ‚ρ‚¶‚γ‚­‚¬‚ε‚¦‚ρ‚ά‚¦","",35.688475,139.710989
13,"“‹“s",22743,"VhO’–Ϊ","‚µ‚ρ‚¶‚γ‚­‚³‚ρ‚Ώ‚ε‚¤‚ί","",35.690447,139.705129
13,"“‹“s",29330,"VhΌϋ","‚µ‚ρ‚¶‚γ‚­‚Ι‚µ‚®‚Ώ","",35.693780,139.699018
13,"“‹“s",22744,"V®”υκ","‚µ‚ρ‚Ή‚Ά‚Ρ‚¶‚ε‚¤","",35.542797,139.787323
13,"“‹“s",22745,"_ς","‚µ‚ρ‚Ή‚ρ","",35.657228,139.693659
13,"“‹“s",22746,"V‚“‡•½","‚µ‚ρ‚½‚©‚µ‚ά‚Ύ‚Ά‚η","",35.790046,139.654516
13,"“‹“s",22747,"V‘γ“c","‚µ‚ρ‚Ύ‚Ά‚½","",35.662588,139.660522
13,"“‹“s",22748,"V•x’¬","‚µ‚ρ‚Ζ‚έ‚Ώ‚ε‚¤","“‹“s",35.670672,139.773568
13,"“‹“s",29556,"V–LF","‚µ‚ρ‚Ζ‚ζ‚·","",35.648786,139.790123
13,"“‹“s",22749,"V’†–μ","‚µ‚ρ‚Θ‚©‚Μ","",35.697445,139.669492
13,"“‹“s",22750,"V“ϊ–{‹΄","‚µ‚ρ‚Ι‚Ω‚ρ‚Ξ‚µ","",35.688921,139.774012
13,"“‹“s",22751,"V‹΄","‚µ‚ρ‚Ξ‚µ","",35.666562,139.758181
13,"“‹“s",22752,"V”nκ","‚µ‚ρ‚Ξ‚ρ‚Ξ","",35.617594,139.741379
13,"“‹“s",22753,"VO‰Ν“‡","‚µ‚ρ‚έ‚©‚ν‚µ‚ά","",35.737221,139.774037
13,"“‹“s",22754,"\π","‚¶‚γ‚¤‚¶‚ε‚¤","“‹“s",35.760551,139.722179
13,"“‹“s",22755,"©—R‚‹u","‚¶‚δ‚¤‚‚¨‚©","",35.607566,139.669080
13,"“‹“s",22756,"_•Ϋ’¬","‚¶‚ρ‚Ϊ‚¤‚Ώ‚ε‚¤","",35.695725,139.757902
13,"“‹“s",22757,"…“V‹{‘O","‚·‚Ά‚Δ‚ρ‚®‚¤‚ά‚¦","",35.683754,139.784567
13,"“‹“s",22758,"…“Ή‹΄","‚·‚Ά‚Η‚¤‚Ξ‚µ","",35.702057,139.754512
13,"“‹“s",22759,"––L’¬","‚·‚¦‚Π‚λ‚Ώ‚ε‚¤","“‹“s",35.702724,139.771789
13,"“‹“s",22760,"‘ƒ›","‚·‚‚ΰ","",35.733470,139.739346
13,"“‹“s",22761,"‘ƒ›V“c","‚·‚‚ΰ‚µ‚ρ‚Ε‚ρ","",35.735192,139.727735
13,"“‹“s",22762,"‚·‚Έ‚©‚―‘δ","‚·‚Έ‚©‚―‚Ύ‚Ά","",35.516933,139.481488
13,"“‹“s",29234,"»μµ”Τ","‚·‚Θ‚‚ν‚Θ‚Θ‚Ξ‚ρ","",35.723216,139.418178
13,"“‹“s",22763,"Z‹g","‚·‚έ‚ζ‚µ","“‹“s",35.688782,139.815591
13,"“‹“s",22764,"¬ιw‰€‘O","‚Ή‚Ά‚¶‚ε‚¤‚‚­‚¦‚ρ‚ά‚¦","",35.640173,139.598945
13,"“‹“s",22765,"ΉΦχƒP‹u","‚Ή‚Ά‚Ή‚«‚³‚­‚η‚‚¨‚©","",35.650752,139.447040
13,"“‹“s",22766,"®”υκ","‚Ή‚Ά‚Ρ‚¶‚ε‚¤","",35.555017,139.753519
13,"“‹“s",22767,"Ό•‰€","‚Ή‚Ά‚Τ‚¦‚ρ","",35.768045,139.448701
13,"“‹“s",22768,"Ό•Vh","‚Ή‚Ά‚Τ‚µ‚ρ‚¶‚γ‚­","",35.695335,139.700017
13,"“‹“s",22769,"Ό•—§μ","‚Ή‚Ά‚Τ‚½‚Ώ‚©‚ν","",35.726271,139.370515
13,"“‹“s",22770,"Ό•–φ‘ς","‚Ή‚Ά‚Τ‚β‚¬‚³‚ν","",35.728635,139.552611
13,"“‹“s",22771,"Ό•—V‰€’n","‚Ή‚Ά‚Τ‚δ‚¤‚¦‚ρ‚Ώ","",35.765962,139.442647
13,"“‹“s",22772,"Ά“c’J","‚Ή‚½‚‚β","",35.643423,139.650634
13,"“‹“s",22773,"Ά“c’J‘γ“c","‚Ή‚½‚‚β‚Ύ‚Ά‚½","",35.658171,139.661245
13,"“‹“s",22774,"ημ","‚Ή‚ρ‚©‚ν","",35.738191,139.689321
13,"“‹“s",22775,"ςx›","‚Ή‚ρ‚‚­‚¶","",35.638231,139.739850
13,"“‹“s",22776,"εμ","‚Ή‚ρ‚‚ν","",35.662309,139.584917
13,"“‹“s",22777,"ηΞ","‚Ή‚ρ‚²‚­","",35.727999,139.744707
13,"“‹“s",22778,"ηZ‘ε‹΄","‚Ή‚ρ‚¶‚γ‚¨‚¨‚Ν‚µ","",35.742388,139.796673
13,"“‹“s",22779,"τ‘«","‚Ή‚ρ‚Ό‚­","",35.610427,139.694382
13,"“‹“s",22780,"τ‘«’r","‚Ή‚ρ‚Ό‚­‚Ά‚―","",35.599928,139.691411
13,"“‹“s",22781,"η‘ΚƒP’J","‚Ή‚ρ‚Ύ‚‚β","",35.681198,139.711489
13,"“‹“s",22782,"η‘Κ–Ψ","‚Ή‚ρ‚Ύ‚¬","",35.725666,139.763260
13,"“‹“s",22783,"‘ctƒP’J‘ε‘ ","‚»‚µ‚‚β‚¨‚¨‚­‚η","",35.643200,139.609305
13,"“‹“s",29635,"Gi‚’J","‚Ό‚¤‚µ‚‚β","",35.720444,139.714849
13,"“‹“s",22785,"GF","‚Ό‚¤‚µ‚«","",35.549684,139.714967
13,"“‹“s",22786,"‚δΛ","‚½‚©‚Ά‚Η","",35.683306,139.615025
13,"“‹“s",22787,"‚”φ","‚½‚©‚¨","“‹“s",35.642194,139.281776
13,"“‹“s",29737,"‚”φR","‚½‚©‚¨‚³‚ρ","",35.631084,139.256084
13,"“‹“s",22788,"‚”φRϋ","‚½‚©‚¨‚³‚ρ‚®‚Ώ","",35.632223,139.269945
13,"“‹“s",22789,"‚“‡•½","‚½‚©‚µ‚ά‚Ύ‚Ά‚η","",35.788824,139.661321
13,"“‹“s",22790,"‚“c”nκ","‚½‚©‚Ύ‚Μ‚Ξ‚Ξ","",35.713333,139.704294
13,"“‹“s",22791,"‚—Φ‘δ","‚½‚©‚Θ‚ν‚Ύ‚Ά","",35.631342,139.730073
13,"“‹“s",22792,"‘ι‚Μ‘δ","‚½‚©‚Μ‚Ύ‚Ά","",35.723411,139.461063
13,"“‹“s",22793,"‚”¦•s“®","‚½‚©‚Ν‚½‚Σ‚Η‚¤","",35.661834,139.414321
13,"“‹“s",29237,"‚Ό","‚½‚©‚ά‚Β","“‹“s",35.709884,139.413207
13,"“‹“s",22794,"•σ’¬","‚½‚©‚η‚Ώ‚ε‚¤","“‹“s",35.675644,139.772068
13,"“‹“s",22795,"‘κ–μμκ’–Ϊ","‚½‚«‚Μ‚‚ν‚Ά‚Α‚Ώ‚ε‚¤‚ί","",35.747108,139.735401
13,"“‹“s",29738,"‘κ–{","‚½‚«‚ΰ‚Ζ","",35.796064,139.161280
13,"“‹“s",29051,"’|Ε","‚½‚―‚µ‚Ξ","",35.654174,139.761903
13,"“‹“s",22796,"’|ƒm’Λ","‚½‚―‚Μ‚Β‚©","",35.794492,139.790811
13,"“‹“s",22797,"’|‹΄","‚½‚―‚Ξ‚µ","",35.690448,139.757457
13,"“‹“s",22798,"—§‰ομ","‚½‚Ώ‚ ‚Ά‚‚ν","",35.598374,139.738796
13,"“‹“s",22799,"—§μ","‚½‚Ώ‚©‚ν","",35.698024,139.413930
13,"“‹“s",29238,"—§μ–k","‚½‚Ώ‚©‚ν‚«‚½","",35.699469,139.412514
13,"“‹“s",29302,"—§μ“μ","‚½‚Ώ‚©‚ν‚έ‚Θ‚έ","",35.696275,139.412653
13,"“‹“s",29236,"—§”ς","‚½‚Ώ‚Π","",35.714328,139.417096
13,"“‹“s",22800,"’C–¤","‚½‚Β‚έ","",35.645593,139.810539
13,"“‹“s",22801,"“c–³","‚½‚Θ‚µ","",35.727356,139.539251
13,"“‹“s",22802,"“c’[","‚½‚Ξ‚½","",35.738109,139.760733
13,"“‹“s",22809,"‘½–","‚½‚ά","",35.677251,139.517200
13,"“‹“s",22803,"‘½–€μ","‚½‚ά‚‚ν","",35.589763,139.668858
13,"“‹“s",22804,"‹Κμw‰€‘O","‚½‚ά‚‚ν‚‚­‚¦‚ρ‚ά‚¦","",35.563317,139.463349
13,"“‹“s",22805,"‹Κμγ…","‚½‚ά‚‚ν‚¶‚ε‚¤‚·‚Ά","",35.731937,139.418261
13,"“‹“s",22806,"‘½–€‹«","‚½‚ά‚³‚©‚Ά","",35.601839,139.366966
13,"“‹“s",29294,"‘½–€ƒZƒ“ƒ^[","‚½‚ά‚Ή‚ρ‚½[","",35.623783,139.422933
13,"“‹“s",22807,"“c’¬","‚½‚ά‚Ώ","“‹“s",35.645730,139.747544
13,"“‹“s",22808,"‘½–€“®•¨φ‰€","‚½‚ά‚Η‚¤‚Τ‚Β‚±‚¤‚¦‚ρ","",35.649057,139.404516
13,"“‹“s",22810,"‘½–—μ‰€","‚½‚ά‚κ‚Ά‚¦‚ρ","",35.666084,139.503118
13,"“‹“s",29194,"—­’rR‰¤","‚½‚ί‚Ά‚―‚³‚ρ‚Μ‚¤","",35.671839,139.741238
13,"“‹“s",22811,"“c΄’¬","‚½‚ν‚η‚ά‚Ώ","“‹“s",35.709918,139.790398
13,"“‹“s",22812,"‘γ―R","‚Ύ‚Ά‚©‚ρ‚β‚ά","",35.648090,139.703186
13,"“‹“s",22813,"‘εt‘O","‚Ύ‚Ά‚µ‚ά‚¦","",35.778855,139.781507
13,"“‹“s",22814,"‘γ“c‹΄","‚Ύ‚Ά‚½‚Ξ‚µ","",35.670947,139.658827
13,"“‹“s",29055,"‘δκ","‚Ύ‚Ά‚Ξ","",35.626011,139.771515
13,"“‹“s",22815,"‘ε–ε","‚Ύ‚Ά‚ΰ‚ρ","“‹“s",35.656645,139.754626
13,"“‹“s",22540,"’n‰Ί“SΤ’Λ","‚Ώ‚©‚Δ‚Β‚ ‚©‚Β‚©","",35.769770,139.644101
13,"“‹“s",22541,"’n‰Ί“S¬‘","‚Ώ‚©‚Δ‚Β‚Θ‚θ‚ά‚·","",35.776548,139.631547
13,"“‹“s",22817,"ηΞ‰GR","‚Ώ‚Ζ‚Ή‚©‚η‚·‚β‚ά","",35.668197,139.601138
13,"“‹“s",22818,"ηΞ‘D‹΄","‚Ώ‚Ζ‚Ή‚Σ‚Θ‚Ξ‚µ","",35.647338,139.624082
13,"“‹“s",22819,"η’Ή’¬","‚Ώ‚Η‚θ‚Ώ‚ε‚¤","",35.572959,139.691524
13,"“‹“s",29297,"’†‰›‘εwE–Ύ―‘εw","‚Ώ‚γ‚¤‚¨‚¤‚Ύ‚Ά‚‚­‚ί‚Ά‚Ή‚Ά‚Ύ‚Ά‚‚­","",35.642114,139.408211
13,"“‹“s",22816,"’²•z","‚Ώ‚ε‚¤‚Σ","",35.651864,139.544421
13,"“‹“s",22820,"“‡","‚Β‚«‚µ‚ά","",35.664479,139.784568
13,"“‹“s",22821,"’z’n","‚Β‚«‚¶","",35.667894,139.772373
13,"“‹“s",29340,"’z’nsκ","‚Β‚«‚¶‚µ‚¶‚ε‚¤","",35.664895,139.766791
13,"“‹“s",22822,"‚Β‚­‚µ–μ","‚Β‚­‚µ‚Μ","",35.527599,139.485126
13,"“‹“s",22823,"‚Β‚Β‚¶ƒP‹u","‚Β‚Β‚¶‚‚¨‚©","",35.658114,139.575223
13,"“‹“s",22824,"’ίμ","‚Β‚ι‚©‚ν","",35.583121,139.480929
13,"“‹“s",29057,"ƒeƒƒRƒ€ƒZƒ“ƒ^[","‚Δ‚κ‚±‚ή‚Ή‚ρ‚½[","",35.617678,139.779570
13,"“‹“s",22910,"“V‹σ‹΄","‚Δ‚ρ‚­‚¤‚Ξ‚µ","",35.548184,139.754186
13,"“‹“s",22825,"“V‰¤FƒAƒCƒ‹","‚Δ‚ρ‚Μ‚¤‚Έ‚ ‚Ά‚ι","",35.621844,139.750961
13,"“‹“s",22826,"“c‰€’²•z","‚Ε‚ρ‚¦‚ρ‚Ώ‚ε‚¤‚Σ","",35.596872,139.667330
13,"“‹“s",22828,"“‹","‚Ζ‚¤‚«‚ε‚¤","",35.681310,139.767234
13,"“‹“s",22859,"‚Ζ‚¤‚«‚ε‚¤ƒXƒJƒCƒcƒ[","‚Ζ‚¤‚«‚ε‚¤‚·‚©‚Ά‚Β‚θ[","",35.710335,139.809063
13,"“‹“s",29073,"“‹ƒeƒƒ|[ƒg","‚Ζ‚¤‚«‚ε‚¤‚Δ‚κ‚Ϋ[‚Ζ","",35.627427,139.778125
13,"“‹“s",29075,"“‘ε‘O","‚Ζ‚¤‚Ύ‚Ά‚ά‚¦","",35.717000,139.758289
13,"“‹“s",22829,"“•—ϋ”n","‚Ζ‚¤‚Τ‚Λ‚θ‚ά","",35.768604,139.661878
13,"“‹“s",22830,"“—z’¬","‚Ζ‚¤‚ζ‚¤‚Ώ‚ε‚¤","",35.669618,139.817731
13,"“‹“s",22831,"‚Ζ‚«‚ν‘δ","‚Ζ‚«‚ν‚Ύ‚Ά","“‹“s",35.758661,139.689682
13,"“‹“s",22832,"Λ‰z","‚Ζ‚²‚µ","",35.614316,139.716186
13,"“‹“s",22833,"Λ‰z‹βΐ","‚Ζ‚²‚µ‚¬‚ρ‚΄","",35.615983,139.714964
13,"“‹“s",22834,"Λ‰zφ‰€","‚Ζ‚²‚µ‚±‚¤‚¦‚ρ","",35.608789,139.718075
13,"“‹“s",22835,"–L“‡‰€","‚Ζ‚µ‚ά‚¦‚ρ","Ό•ό",35.741940,139.647936
13,"“‹“s",22836,"–L“‡‰€","‚Ζ‚µ‚ά‚¦‚ρ","“s‰cό",35.742134,139.649102
13,"“‹“s",29213,"“s’΅‘O","‚Ζ‚Ώ‚ε‚¤‚ά‚¦","",35.690447,139.691519
13,"“‹“s",22784,"“s“dGiƒP’J","‚Ζ‚Ε‚ρ‚Ό‚¤‚µ‚‚β","",35.724333,139.717986
13,"“‹“s",22837,"“™X—Ν","‚Ζ‚Η‚λ‚«","",35.608454,139.647498
13,"“‹“s",29627,"Ιl","‚Ζ‚Λ‚θ","",35.805714,139.770118
13,"“‹“s",29626,"Ιlφ‰€","‚Ζ‚Λ‚θ‚±‚¤‚¦‚ρ","",35.796826,139.770118
13,"“‹“s",22838,"”ς“c‹‹","‚Ζ‚Ρ‚½‚«‚γ‚¤","",35.660196,139.523311
13,"“‹“s",22839,"–LF","‚Ζ‚ζ‚·","",35.655479,139.795595
13,"“‹“s",22840,"–L“c","‚Ζ‚ζ‚Ύ","",35.659500,139.381489
13,"“‹“s",22841,"Υƒm–ε","‚Ζ‚η‚Μ‚ΰ‚ρ","",35.670172,139.750098
13,"“‹“s",22842,"“s—§‰Ζ­","‚Ζ‚θ‚Β‚©‚Ή‚Ά","",35.722331,139.644604
13,"“‹“s",22843,"“s—§‘εw","‚Ζ‚θ‚Β‚Ύ‚Ά‚‚­","",35.617815,139.676467
13,"“‹“s",22844,"’†δ","‚Θ‚©‚Ά","",35.715027,139.686823
13,"“‹“s",22845,"’†”Β‹΄","‚Θ‚©‚Ά‚½‚Ξ‚µ","",35.756134,139.694710
13,"“‹“s",22846,"’‡δ“k’¬","‚Θ‚©‚¨‚©‚Ώ‚ά‚Ώ","",35.706640,139.776121
13,"“‹“s",22847,"’†_","‚Θ‚©‚‚έ","",35.709050,139.375821
13,"“‹“s",22848,"’†‰Ν΄","‚Θ‚©‚‚ν‚η","",35.659529,139.457567
13,"“‹“s",22849,"’†–μ","‚Θ‚©‚Μ","“‹“s",35.705805,139.665964
13,"“‹“s",22850,"’†–μβγ","‚Θ‚©‚Μ‚³‚©‚¤‚¦","",35.697113,139.682630
13,"“‹“s",22851,"’†–μV‹΄","‚Θ‚©‚Μ‚µ‚ρ‚Ξ‚µ","",35.692252,139.674020
13,"“‹“s",22852,"’†–μ•xm©’¬","‚Θ‚©‚Μ‚Σ‚¶‚έ‚Ώ‚ε‚¤","",35.690585,139.667215
13,"“‹“s",22853,"’†‰„","‚Θ‚©‚Μ‚Τ","",35.605706,139.712714
13,"“‹“s",22854,"’†‘Ί‹΄","‚Θ‚©‚ή‚η‚Ξ‚µ","",35.736802,139.637798
13,"“‹“s",22855,"’†–Ϊ•","‚Θ‚©‚ί‚®‚λ","",35.644284,139.698881
13,"“‹“s",22856,"‰i“c’¬","‚Θ‚‚½‚Ώ‚ε‚¤","",35.678421,139.739071
13,"“‹“s",22857,"’·ΐ","‚Θ‚‚Κ‚ά","“‹“s",35.642807,139.366214
13,"“‹“s",22858,"’·΄","‚Θ‚‚Ν‚η","“‹“s",35.602262,139.697799
13,"“‹“s",22860,"¬‘","‚Θ‚θ‚ά‚·","",35.777575,139.632935
13,"“‹“s",22861,"¬£","‚Θ‚ι‚Ή","",35.535348,139.472794
13,"“‹“s",22863,"ΌVδ","‚Ι‚µ‚ ‚η‚Ά","",35.777217,139.790451
13,"“‹“s",29624,"ΌVδ‘εtΌ","‚Ι‚µ‚ ‚η‚Ά‚Ύ‚Ά‚µ‚Ι‚µ","",35.781550,139.770119
13,"“‹“s",22864,"Ό‰i•","‚Ι‚µ‚¦‚Ά‚Σ‚­","",35.678780,139.635384
13,"“‹“s",22865,"Ό‘εδ","‚Ι‚µ‚¨‚¨‚Ά","",35.601789,139.721825
13,"“‹“s",22866,"Ό‘ε“‡","‚Ι‚µ‚¨‚¨‚¶‚ά","",35.689310,139.826285
13,"“‹“s",22867,"Ό‰¬E","‚Ι‚µ‚¨‚¬‚­‚Ϊ","",35.703777,139.599636
13,"“‹“s",22868,"Ό‹Ό","‚Ι‚µ‚©‚³‚Ά","",35.664424,139.859756
13,"“‹“s",22869,"ΌƒP΄","‚Ι‚µ‚‚Ν‚η","",35.745663,139.742428
13,"“‹“s",22870,"ΌƒP΄l’–Ϊ","‚Ι‚µ‚‚Ν‚η‚ζ‚ρ‚Ώ‚ε‚¤‚ί","",35.744608,139.732902
13,"“‹“s",22871,"Ό‘—§","‚Ι‚µ‚­‚Ι‚½‚Ώ","",35.693469,139.424235
13,"“‹“s",22872,"Ό‘•›","‚Ι‚µ‚±‚­‚Τ‚ρ‚¶","",35.699775,139.465704
13,"“‹“s",22873,"Ό¬R","‚Ι‚µ‚±‚β‚ά","",35.615676,139.698883
13,"“‹“s",29085,"ΌVh","‚Ι‚µ‚µ‚ρ‚¶‚γ‚­","",35.694446,139.692573
13,"“‹“s",29214,"ΌVhά’–Ϊ","‚Ι‚µ‚µ‚ρ‚¶‚γ‚­‚²‚Ώ‚ε‚¤‚ί","",35.689613,139.684019
13,"“‹“s",22874,"Ό‘ƒ›","‚Ι‚µ‚·‚‚ΰ","",35.743414,139.728818
13,"“‹“s",22875,"Ό‘Ύq“°","‚Ι‚µ‚½‚Ά‚µ‚Η‚¤","",35.644645,139.666245
13,"“‹“s",22876,"Ό‚“‡•½","‚Ι‚µ‚½‚©‚µ‚ά‚Ύ‚Ά‚η","",35.791990,139.645906
13,"“‹“s",22877,"Ό—§μ","‚Ι‚µ‚½‚Ώ‚©‚ν","",35.703578,139.393681
13,"“‹“s",22878,"Ό‘δ","‚Ι‚µ‚Ύ‚Ά","",35.786908,139.673543
13,"“‹“s",22879,"Ό’²•z","‚Ι‚µ‚Ώ‚ε‚¤‚Σ","",35.657058,139.530088
13,"“‹“s",22880,"Ό“ϊ•ι—Ά","‚Ι‚µ‚Ι‚Α‚Ϋ‚θ","",35.732110,139.766788
13,"“‹“s",29617,"Ό“ϊ•ι—Ά","‚Ι‚µ‚Ι‚Α‚Ϋ‚θ","Ιlƒ‰ƒCƒi[",35.733777,139.768177
13,"“‹“s",22881,"Ό”‰¤q","‚Ι‚µ‚Ν‚Ώ‚¨‚¤‚¶","",35.656498,139.312440
13,"“‹“s",29639,"Ό•{","‚Ι‚µ‚Σ","",35.671000,139.457372
13,"“‹“s",22882,"Ό”n","‚Ι‚µ‚ά‚²‚ί","",35.587264,139.706327
13,"“‹“s",29636,"Ό‘ξ“c","‚Ι‚µ‚ν‚Ή‚Ύ","",35.707390,139.709016
13,"“‹“s",22883,"“ρd‹΄‘O","‚Ι‚¶‚γ‚¤‚Ξ‚µ‚ά‚¦","",35.680421,139.761624
13,"“‹“s",22862,"“ϊ•ι—Ά","‚Ι‚Α‚Ϋ‚θ","",35.728083,139.770704
13,"“‹“s",29616,"“ϊ•ι—Ά","‚Ι‚Α‚Ϋ‚θ","Ιlƒ‰ƒCƒi[",35.728777,139.771232
13,"“‹“s",22884,"“ϊ–{‹΄","‚Ι‚Ω‚ρ‚Ξ‚µ","“‹“s",35.681838,139.774568
13,"“‹“s",22885,"l`’¬","‚Ι‚ρ‚¬‚ε‚¤‚Ώ‚ε‚¤","",35.686365,139.782233
13,"“‹“s",22886,"ΐ‘ά","‚Κ‚ά‚Τ‚­‚λ","",35.719443,139.663852
13,"“‹“s",22887,"ΐ•”","‚Κ‚ά‚Χ","",35.582791,139.673108
13,"“‹“s",22888,"’Γ","‚Λ‚Γ","",35.717417,139.765650
13,"“‹“s",22889,"—ϋ”n","‚Λ‚θ‚ά","",35.737858,139.654491
13,"“‹“s",22890,"—ϋ”nt“ϊ’¬","‚Λ‚θ‚ά‚©‚·‚‚Ώ‚ε‚¤","",35.751355,139.640242
13,"“‹“s",22891,"—ϋ”n‚–μ‘δ","‚Λ‚θ‚ά‚½‚©‚Μ‚Ύ‚Ά","",35.740579,139.616939
13,"“‹“s",22892,"–μ•ϋ","‚Μ‚‚½","",35.719720,139.653048
13,"“‹“s",22893,"”T–Ψβ","‚Μ‚¬‚΄‚©","",35.666394,139.726239
13,"“‹“s",22895,"”q“‡","‚Ν‚Ά‚¶‚ά","",35.721132,139.343657
13,"“‹“s",22896,"”‹R","‚Ν‚¬‚β‚ά","",35.740409,139.477450
13,"“‹“s",22897,"”’R","‚Ν‚­‚³‚ρ","“‹“s",35.721360,139.752095
13,"“‹“s",22899,"” ƒPθ","‚Ν‚±‚Λ‚‚³‚«","",35.771376,139.346709
13,"“‹“s",22900,"‹·Τ","‚Ν‚΄‚ά","",35.640556,139.293331
13,"“‹“s",22901,"@ΐ","‚Ν‚·‚Κ‚ά","",35.564349,139.708467
13,"“‹“s",22902,"@","‚Ν‚·‚Λ","",35.784048,139.679015
13,"“‹“s",22903,"”¦ƒP’J","‚Ν‚½‚‚β","",35.677115,139.676520
13,"“‹“s",22904,"ψ‚Μ‘δ","‚Ν‚½‚Μ‚Ύ‚Ά","",35.604817,139.702521
13,"“‹“s",22905,"”‰¤q","‚Ν‚Ώ‚¨‚¤‚¶","",35.655639,139.338966
13,"“‹“s",29177,"”‰¤q‚έ‚Θ‚έ–μ","‚Ν‚Ώ‚¨‚¤‚¶‚έ‚Θ‚έ‚Μ","",35.631363,139.330967
13,"“‹“s",22906,"””¦R","‚Ν‚Ώ‚ά‚ρ‚β‚ά","",35.669892,139.615748
13,"“‹“s",22894,"”’–x","‚Ν‚Α‚Ώ‚ε‚¤‚Ϊ‚θ","“‹“s",35.674588,139.777706
13,"“‹“s",22907,"‰‘δ","‚Ν‚Β‚Ύ‚Ά","",35.681281,139.686519
13,"“‹“s",22908,"”µƒm‘ƒ","‚Ν‚Ζ‚Μ‚·","",35.814923,139.128754
13,"“‹“s",22909,"‰Τ¬‹ΰδ","‚Ν‚Θ‚±‚‚Λ‚Ά","",35.726106,139.513226
13,"“‹“s",29672,"‰H“c‹σ`‘Ϋόƒ^[ƒ~ƒiƒ‹","‚Ν‚Λ‚Ύ‚­‚¤‚±‚¤‚±‚­‚³‚Ά‚Ή‚ρ‚½[‚έ‚Θ‚ι","‹‹}",35.544908,139.767908
13,"“‹“s",29671,"‰H“c‹σ`‘Ϋόƒrƒ‹","‚Ν‚Λ‚Ύ‚­‚¤‚±‚¤‚±‚­‚³‚Ά‚Ή‚ρ‚Ρ‚ι","“‹ƒ‚ƒmƒ[ƒ‹",35.544353,139.768186
13,"“‹“s",22911,"‰H“c‹σ`‘“ΰόƒ^[ƒ~ƒiƒ‹","‚Ν‚Λ‚Ύ‚­‚¤‚±‚¤‚±‚­‚Θ‚Ά‚Ή‚ρ‚½[‚έ‚Θ‚ι","‹‹}",35.549908,139.786239
13,"“‹“s",29509,"‰H“c‹σ`‘ζ‚Pƒrƒ‹","‚Ν‚Λ‚Ύ‚­‚¤‚±‚¤‚Ύ‚Ά‚Ά‚Ώ‚Ρ‚ι","“‹ƒ‚ƒmƒ[ƒ‹E‚i‚`‚k——p",35.549075,139.784851
13,"“‹“s",29510,"‰H“c‹σ`‘ζ‚Qƒrƒ‹","‚Ν‚Λ‚Ύ‚­‚¤‚±‚¤‚Ύ‚Ά‚Ι‚Ρ‚ι","“‹ƒ‚ƒmƒ[ƒ‹E‚`‚m‚`——p",35.550741,139.788184
13,"“‹“s",22912,"•l“cR","‚Ν‚ά‚Ύ‚β‚ά","",35.681613,139.627524
13,"“‹“s",22913,"•l’¬","‚Ν‚ά‚Ώ‚ε‚¤","",35.688560,139.787816
13,"“‹“s",22914,"•lΌ’¬","‚Ν‚ά‚ά‚Β‚Ώ‚ε‚¤","",35.655452,139.757070
13,"“‹“s",22915,"‰H‘Ί","‚Ν‚ή‚η","",35.758432,139.315935
13,"“‹“s",22916,"΄h","‚Ν‚η‚¶‚γ‚­","",35.671282,139.702907
13,"“‹“s",22917,"”Ό‘ –ε","‚Ν‚ρ‚Ό‚¤‚ΰ‚ρ","",35.685365,139.741736
13,"“‹“s",22918,"”n‹ς’¬","‚Ξ‚­‚λ‚Ώ‚ε‚¤","",35.693392,139.782483
13,"“‹“s",22919,"”n‹ς‰΅R","‚Ξ‚­‚λ‚ζ‚±‚β‚ά","",35.692058,139.782733
13,"“‹“s",22920,"υ‚‹u","‚Π‚©‚θ‚‚¨‚©","",35.758494,139.628465
13,"“‹“s",22921,"•Xμ‘δ","‚Π‚©‚ν‚Ύ‚Ά","",35.749634,139.665462
13,"“‹“s",22922,"“H—―","‚Π‚‚µ‚ ‚«‚ι","",35.725908,139.310909
13,"“‹“s",22923,"“‚ ‚Έ‚ά","‚Π‚‚µ‚ ‚Έ‚ά","",35.707058,139.831923
13,"“‹“s",22924,"“’r‘ά","‚Π‚‚µ‚Ά‚―‚Τ‚­‚λ","",35.725860,139.718986
13,"“‹“s",22925,"“’r‘άl’–Ϊ","‚Π‚‚µ‚Ά‚―‚Τ‚­‚λ‚ζ‚ρ‚Ώ‚ε‚¤‚ί","",35.725444,139.720403
13,"“‹“s",22926,"“Β”~","‚Π‚‚µ‚¨‚¤‚ί","",35.789900,139.272326
13,"“‹“s",22927,"“‘ε“‡","‚Π‚‚µ‚¨‚¨‚¶‚ά","",35.689755,139.847172
13,"“‹“s",22928,"“”φ‹vO’–Ϊ","‚Π‚‚µ‚¨‚®‚³‚ρ‚Ώ‚ε‚¤‚ί","",35.745442,139.774009
13,"“‹“s",22929,"“–k‘ς","‚Π‚‚µ‚«‚½‚΄‚ν","",35.665504,139.672993
13,"“‹“s",22930,"“‹βΐ","‚Π‚‚µ‚¬‚ρ‚΄","",35.669617,139.767069
13,"“‹“s",22931,"“‹v—―•Δ","‚Π‚‚µ‚­‚ι‚ί","",35.760298,139.533945
13,"“‹“s",22932,"“‚‰~›","‚Π‚‚µ‚±‚¤‚¦‚ρ‚¶","",35.697917,139.658298
13,"“‹“s",22933,"“¬‹ΰδ","‚Π‚‚µ‚±‚‚Λ‚Ά","",35.701554,139.523754
13,"“‹“s",29331,"“Vh","‚Π‚‚µ‚µ‚ρ‚¶‚γ‚­","",35.698780,139.707628
13,"“‹“s",22934,"“\π","‚Π‚‚µ‚¶‚γ‚¤‚¶‚ε‚¤","",35.762940,139.727706
13,"“‹“s",22935,"“’†_","‚Π‚‚µ‚Θ‚©‚‚έ","",35.706356,139.384487
13,"“‹“s",22936,"“’†–μ","‚Π‚‚µ‚Θ‚©‚Μ","",35.706278,139.683602
13,"“‹“s",22937,"“’·θ","‚Π‚‚µ‚Θ‚‚³‚«","",35.730192,139.683017
13,"“‹“s",22938,"““ϊ–{‹΄","‚Π‚‚µ‚Ι‚Ω‚ρ‚Ξ‚µ","",35.692170,139.784844
13,"“‹“s",22940,"“•©","‚Π‚‚µ‚Σ‚µ‚έ","",35.728662,139.564222
13,"“‹“s",22941,"“•{’†","‚Π‚‚µ‚Σ‚Ώ‚γ‚¤","",35.669029,139.495229
13,"“‹“s",22939,"“•¶","‚Π‚‚µ‚Σ‚Α‚³","",35.745823,139.335878
13,"“‹“s",22942,"“Ό΄","‚Π‚‚µ‚ά‚Β‚Ξ‚η","",35.662643,139.655661
13,"“‹“s",22943,"“ό“‡","‚Π‚‚µ‚ή‚±‚¤‚¶‚ά","",35.725029,139.819423
13,"“‹“s",22944,"“‘ΊR","‚Π‚‚µ‚ή‚η‚β‚ά","",35.760491,139.465840
13,"“‹“s",22945,"“‘εas","‚Π‚‚µ‚β‚ά‚Ζ‚µ","",35.732938,139.434510
13,"“‹“s",22946,"‰gM","‚Π‚«‚Σ‚Λ","",35.718363,139.816701
13,"“‹“s",22947,"κ‹΄w‰€","‚Π‚Ζ‚Β‚Ξ‚µ‚‚­‚¦‚ρ","",35.722245,139.480089
13,"“‹“s",22948,"“ϊόa“c","‚Π‚Θ‚½‚ν‚Ύ","",35.787928,139.230025
13,"“‹“s",22949,"“ϊ–μ","‚Π‚Μ","“‹“s",35.679248,139.393987
13,"“‹“s",29052,"“ϊ‚Μo","‚Π‚Μ‚Ε","“‹“s",35.649064,139.759015
13,"“‹“s",22950,"‚Π‚Ξ‚θƒP‹u","‚Π‚Ξ‚θ‚‚¨‚©","“‹“s",35.751576,139.545527
13,"“‹“s",22951,"“ϊ”δ’J","‚Π‚Ρ‚β","",35.675172,139.759847
13,"“‹“s",22952,"•½δ","‚Π‚η‚Ά","“‹“s",35.706447,139.842755
13,"“‹“s",22953,"•½Rι¬φ‰€","‚Π‚η‚β‚ά‚¶‚ε‚¤‚µ‚±‚¤‚¦‚ρ","",35.647529,139.380352
13,"“‹“s",22954,"L”φ","‚Π‚λ‚¨","",35.651257,139.722268
13,"“‹“s",22956,"•xm©ƒP‹u","‚Σ‚¶‚έ‚‚¨‚©","",35.684834,139.607081
13,"“‹“s",22957,"•xm©‘δ","‚Σ‚¶‚έ‚Ύ‚Ά","",35.735913,139.629994
13,"“‹“s",22958,"“ρq‹Κμ","‚Σ‚½‚±‚½‚ά‚‚ν","",35.612009,139.627277
13,"“‹“s",22959,"“ρ–“”φ","‚Σ‚½‚ά‚½‚¨","",35.804454,139.215636
13,"“‹“s",22960,"•z“c","‚Σ‚Ύ","",35.649865,139.551865
13,"“‹“s",22961,"•{’†","‚Σ‚Ώ‚γ‚¤","“‹“s",35.672222,139.480453
13,"“‹“s",22962,"•{’†‹£”n³–ε‘O","‚Σ‚Ώ‚γ‚¤‚―‚Ά‚Ξ‚Ή‚Ά‚ΰ‚ρ‚ά‚¦","",35.668334,139.485148
13,"“‹“s",22963,"•{’†–{’¬","‚Σ‚Ώ‚γ‚¤‚Ω‚ρ‚ά‚Ώ","",35.666195,139.477204
13,"“‹“s",22955,"•¶","‚Σ‚Α‚³","",35.742351,139.327962
13,"“‹“s",22964,"•s“®‘O","‚Σ‚Η‚¤‚ά‚¦","",35.625675,139.713436
13,"“‹“s",22965,"‘D–x","‚Σ‚Θ‚Ϊ‚θ","",35.683727,139.863727
13,"“‹“s",29056,"‘D‚Μ‰ΘwΩ","‚Σ‚Λ‚Μ‚©‚‚­‚©‚ρ","",35.621316,139.773209
13,"“‹“s",22966,"•”{‰Ν΄","‚Τ‚Ξ‚Ά‚‚ν‚η","",35.668556,139.468732
13,"“‹“s",22967,"•½a“‡","‚Φ‚Ά‚ν‚¶‚ά","",35.578793,139.734964
13,"“‹“s",22968,"•½a‘δ","‚Φ‚Ά‚ν‚Ύ‚Ά","“‹“s",35.757688,139.654379
13,"“‹“s",22969,"•ϋ“μ’¬","‚Ω‚¤‚Θ‚ρ‚Ώ‚ε‚¤","",35.683446,139.657494
13,"“‹“s",22970,"•Ϋ’J","‚Ω‚¤‚β","",35.748327,139.567554
13,"“‹“s",29298,"’φ‹v•Ϋ","‚Ω‚Η‚­‚Ϊ","",35.655446,139.410988
13,"“‹“s",22971,"–xΨ","‚Ω‚θ‚«‚θ","",35.742943,139.817756
13,"“‹“s",22972,"–xΨ—‰€","‚Ω‚θ‚«‚θ‚µ‚ε‚¤‚Τ‚¦‚ρ","",35.747637,139.827532
13,"“‹“s",29074,"–{‹ξ","‚Ω‚ρ‚±‚ά‚²‚ί","",35.724527,139.753761
13,"“‹“s",22973,"–{‹½O’–Ϊ","‚Ω‚ρ‚²‚¤‚³‚ρ‚Ώ‚ε‚¤‚ί","",35.707113,139.759984
13,"“‹“s",22974,"–{αΘ‹΄","‚Ω‚ρ‚¶‚ε‚ ‚Γ‚ά‚Ξ‚µ","",35.708502,139.804313
13,"“‹“s",22975,"”n","‚ά‚²‚ί","",35.596485,139.711771
13,"“‹“s",22976,"’¬“c","‚ά‚Ώ‚Ύ","",35.542403,139.445157
13,"“‹“s",22977,"’¬‰®","‚ά‚Ώ‚β","‹¬ό",35.742248,139.781452
13,"“‹“s",22978,"’¬‰®","‚ά‚Ώ‚β","“‹ƒƒgƒ",35.741804,139.779898
13,"“‹“s",22979,"’¬‰®‰w‘O","‚ά‚Ώ‚β‚¦‚«‚ά‚¦","",35.742943,139.780675
13,"“‹“s",22980,"’¬‰®“ρ’–Ϊ","‚ά‚Ώ‚β‚Ι‚Ώ‚ε‚¤‚ί","",35.743776,139.776787
13,"“‹“s",29295,"Ό‚’J","‚ά‚Β‚‚β","",35.631837,139.422099
13,"“‹“s",22981,"Ό΄","‚ά‚Β‚Ξ‚η","“‹“s",35.660033,139.642023
13,"“‹“s",29299,"–θ›","‚ά‚ρ‚‚ρ‚¶","",35.671000,139.420153
13,"“‹“s",22983,"O‰Ν“‡","‚έ‚©‚ν‚µ‚ά","",35.733304,139.777676
13,"“‹“s",22984,"]","‚έ‚Έ‚¦","",35.693506,139.897890
13,"“‹“s",22985,"O“c","‚έ‚½","“‹“s",35.647675,139.748460
13,"“‹“s",22986,"O‘ι","‚έ‚½‚©","",35.702665,139.560696
13,"“‹“s",22987,"O‘ι‘δ","‚έ‚½‚©‚Ύ‚Ά","",35.692222,139.588915
13,"“‹“s",22988,"δ›Τ","‚έ‚½‚―","",35.801425,139.182916
13,"“‹“s",29739,"δxR","‚έ‚½‚―‚³‚ρ","",35.789593,139.153475
13,"“‹“s",22989,"O‰z‘O","‚έ‚Β‚±‚µ‚ά‚¦","",35.685449,139.773456
13,"“‹“s",22990,"—Ξ‚‹u","‚έ‚Η‚θ‚‚¨‚©","“‹“s",35.606455,139.679162
13,"“‹“s",22991,"“μΆ²ƒP’J","‚έ‚Θ‚έ‚ ‚³‚‚β","",35.699444,139.635606
13,"“‹“s",22992,"“μ‘ε‘ς","‚έ‚Θ‚έ‚¨‚¨‚³‚ν","",35.614116,139.380076
13,"“‹“s",22993,"“μVh","‚έ‚Θ‚έ‚µ‚ρ‚¶‚γ‚­","",35.683447,139.698545
13,"“‹“s",22994,"“μ»’¬","‚έ‚Θ‚έ‚·‚Θ‚ά‚Ώ","",35.668785,139.830675
13,"“‹“s",22995,"“μηZ","‚έ‚Θ‚έ‚Ή‚ρ‚¶‚γ","",35.732944,139.799008
13,"“‹“s",22996,"“μ‘½–€","‚έ‚Θ‚έ‚½‚ά","",35.649280,139.489898
13,"“‹“s",22997,"“μ•½","‚έ‚Θ‚έ‚Ύ‚Ά‚η","",35.654556,139.392017
13,"“‹“s",22998,"“μ’¬“c","‚έ‚Θ‚έ‚ά‚Ώ‚Ύ","",35.511378,139.470767
13,"“‹“s",29628,"©ΐ‘γe…φ‰€","‚έ‚Κ‚ά‚Ύ‚Ά‚µ‚ρ‚·‚Ά‚±‚¤‚¦‚ρ","",35.814602,139.770673
13,"“‹“s",22999,"Oƒm—Φ","‚έ‚Μ‚ν","",35.729360,139.791231
13,"“‹“s",23000,"Oƒm—Φ‹΄","‚έ‚Μ‚ν‚Ξ‚µ","",35.732193,139.791397
13,"“‹“s",23001,"‹{‚Μβ","‚έ‚β‚Μ‚³‚©","",35.647812,139.644968
13,"“‹“s",23002,"‹{ƒm•½","‚έ‚β‚Μ‚Π‚η","",35.787345,139.236885
13,"“‹“s",23003,"‹{ƒm‘O","‚έ‚β‚Μ‚ά‚¦","",35.750164,139.765121
13,"“‹“s",22982,"δ‰Χ’J","‚έ‚ε‚¤‚‚Ύ‚Ι","",35.716805,139.737235
13,"“‹“s",23004,"ό΄","‚ή‚±‚¤‚Ν‚η","“‹“s",35.729054,139.725125
13,"“‹“s",23005,"•‘ ά“ϊs","‚ή‚³‚µ‚Ά‚Β‚©‚Ά‚Ώ","",35.732240,139.228083
13,"“‹“s",23006,"•‘ ¬‹ΰδ","‚ή‚³‚µ‚±‚‚Λ‚Ά","",35.701109,139.506338
13,"“‹“s",23007,"•‘ ¬R","‚ή‚³‚µ‚±‚β‚ά","",35.620398,139.704409
13,"“‹“s",23008,"•‘ ‹«","‚ή‚³‚µ‚³‚©‚Ά","",35.701998,139.543947
13,"“‹“s",23009,"•‘ »μ","‚ή‚³‚µ‚·‚Θ‚‚ν","",35.729020,139.392236
13,"“‹“s",23010,"•‘ Φ","‚ή‚³‚µ‚Ή‚«","",35.727524,139.576887
13,"“‹“s",23011,"•‘ V“c","‚ή‚³‚µ‚Ι‚Α‚½","",35.567960,139.692162
13,"“‹“s",23012,"•‘ –μ‘δ","‚ή‚³‚µ‚Μ‚Ύ‚Ά","",35.664196,139.511118
13,"“‹“s",23013,"•‘ ψ“c","‚ή‚³‚µ‚Π‚«‚Ύ","",35.729768,139.270245
13,"“‹“s",23014,"•‘ ‘Λ","‚ή‚³‚µ‚ά‚·‚±","",35.730852,139.255914
13,"“‹“s",23015,"•‘ ‘εa","‚ή‚³‚µ‚β‚ά‚Ζ","",35.756185,139.444175
13,"“‹“s",23016,"–Ύ΅_‹{‘O","‚ί‚Ά‚¶‚¶‚ρ‚®‚¤‚ά‚¦","",35.668505,139.705130
13,"“‹“s",23017,"–Ύ‘ε‘O","‚ί‚Ά‚Ύ‚Ά‚ά‚¦","",35.668365,139.650412
13,"“‹“s",23018,"–Ϊ•","‚ί‚®‚λ","",35.633509,139.715686
13,"“‹“s",23019,"–Ϊ”’","‚ί‚¶‚λ","",35.721194,139.706598
13,"“‹“s",23020,"‚ί‚¶‚λ‘δ","‚ί‚¶‚λ‚Ύ‚Ά","",35.643362,139.307719
13,"“‹“s",23021,"•S‘‰€","‚ΰ‚®‚³‚¦‚ρ","",35.657501,139.430847
13,"“‹“s",23022,"–{@ΐ","‚ΰ‚Ζ‚Ν‚·‚Κ‚ά","",35.768799,139.702209
13,"“‹“s",23023,"X‰Ί","‚ΰ‚θ‚µ‚½","“‹“s",35.687976,139.798148
13,"“‹“s",23024,"–ε‘O’‡’¬","‚ΰ‚ρ‚Ί‚ρ‚Θ‚©‚Ώ‚ε‚¤","",35.672395,139.795122
13,"“‹“s",23025,"–ξμ","‚β‚‚ν","",35.684970,139.431957
13,"“‹“s",23027,"–ξϋ“n","‚β‚®‚Ώ‚Μ‚ν‚½‚µ","",35.562599,139.699940
13,"“‹“s",23028,"”β","‚β‚³‚©","",35.745131,139.467450
13,"“‹“s",29625,"’Jέ‰Ζ","‚β‚΄‚Ά‚―","",35.788771,139.770119
13,"“‹“s",23029,"–ξ–μϋ","‚β‚Μ‚­‚Ώ","",35.641671,139.520451
13,"“‹“s",23030,"”L","‚β‚Π‚λ","",35.727223,139.828283
13,"“‹“s",23031,"’J•Ϋ","‚β‚Ω","",35.681416,139.446734
13,"“‹“s",23032,"R‰Ί","‚β‚ά‚µ‚½","“‹“s",35.653894,139.646579
13,"“‹“s",23033,"R“c","‚β‚ά‚Ύ","“‹“s",35.644334,139.321135
13,"“‹“s",23035,"—S“V›","‚δ‚¤‚Δ‚ρ‚¶","",35.637618,139.691048
13,"“‹“s",23036,"—Ly’¬","‚δ‚¤‚η‚­‚Ώ‚ε‚¤","",35.675450,139.762624
13,"“‹“s",23037,"α‚’J‘ε’Λ","‚δ‚«‚‚β‚¨‚¨‚Β‚©","",35.591985,139.680996
13,"“‹“s",23038,"“’“‡","‚δ‚µ‚ά","",35.706862,139.769900
13,"“‹“s",23039,"—p‰κ","‚ζ‚¤‚","",35.626507,139.634026
13,"“‹“s",23040,"lƒc–Ψ","‚ζ‚Β‚¬","",35.731889,139.834977
13,"“‹“s",23041,"lƒc’J","‚ζ‚Β‚β","",35.686004,139.730654
13,"“‹“s",23042,"l’JO’–Ϊ","‚ζ‚Β‚β‚³‚ρ‚Ώ‚ε‚¤‚ί","",35.687809,139.719683
13,"“‹“s",23043,"‘γX–Ψ","‚ζ‚ζ‚¬","",35.683058,139.702045
13,"“‹“s",23044,"‘γX–Ψγ΄","‚ζ‚ζ‚¬‚¤‚¦‚Ν‚η","",35.669060,139.679687
13,"“‹“s",23045,"‘γX–Ψφ‰€","‚ζ‚ζ‚¬‚±‚¤‚¦‚ρ","",35.669060,139.689853
13,"“‹“s",23046,"‘γX–Ψ””¦","‚ζ‚ζ‚¬‚Ν‚Ώ‚ά‚ρ","",35.669477,139.688603
13,"“‹“s",23047,"—¬’ΚƒZƒ“ƒ^[","‚θ‚γ‚¤‚Β‚¤‚Ή‚ρ‚½[","",35.581293,139.749297
13,"“‹“s",23048,"—Ό‘","‚θ‚ε‚¤‚²‚­","",35.696114,139.792537
13,"“‹“s",29337,"—Ό‘","‚θ‚ε‚¤‚²‚­","“s‰cό",35.696837,139.797343
13,"“‹“s",23050,"°‰Τφ‰€","‚λ‚©‚±‚¤‚¦‚ρ","",35.670586,139.608749
13,"“‹“s",23051,"Z‹½“yθ","‚λ‚­‚²‚¤‚Η‚Δ","",35.540684,139.707801
13,"“‹“s",29399,"Z’¬","‚λ‚­‚Ώ‚ε‚¤","",35.784606,139.821781
13,"“‹“s",23049,"Z–{–Ψ","‚λ‚Α‚Ϋ‚ρ‚¬","",35.663367,139.731794
13,"“‹“s",29324,"Z–{–Ψκ’–Ϊ","‚λ‚Α‚Ϋ‚ρ‚¬‚Ά‚Α‚Ώ‚ε‚¤‚ί","",35.665173,139.739016
13,"“‹“s",23052,"α—Ρ","‚ν‚©‚Ξ‚β‚µ","“‹“s",35.645978,139.659912
13,"“‹“s",29332,"αΌ‰Ν“c","‚ν‚©‚ά‚Β‚©‚ν‚Ύ","",35.699057,139.717905
13,"“‹“s",23053,"‘ξ“c","‚ν‚Ή‚Ύ","“‹ƒƒgƒ",35.705667,139.722237
13,"“‹“s",23054,"‘ξ“c","‚ν‚Ή‚Ύ","“s“drμό",35.711834,139.718959
